country,region_id,authority_id,auth_name_e,old_park_id,new_park_id
Wales,W10000007,W06000015,Cardiff,CARDI_a3e29a9a6a0f;CARDI_c4798b6a3717;CARDI_c876f9f45410,752ae6b01fdf
Wales,W10000007,W06000015,Cardiff,CARDI_6e192632765f,093096524369
Wales,W10000007,W06000015,Cardiff,CARDI_1cded21ca57e;CARDI_f473ebb4945d,3ec868f4d3a9
Wales,W10000007,W06000015,Cardiff,CARDI_f15afa26be89;CARDI_7a433bc0942d,8fbf680d82b9
Wales,W10000007,W06000015,Cardiff,CARDI_3726623b563f;CARDI_d4c5534cb012,e2d2a498ca30
Wales,W10000007,W06000015,Cardiff,CARDI_d411fa3abc2c,e6512561ed88
Wales,W10000007,W06000015,Cardiff,CARDI_0cc21705d2eb;CARDI_8dbf0aaa5e37,0c9f04898937
Wales,W10000007,W06000015,Cardiff,CARDI_5eba9e89ac5b,0221526b36c9
Wales,W10000007,W06000015,Cardiff,CARDI_ee55df953d0c,411905d1e1ee
Wales,W10000007,W06000015,Cardiff,CARDI_38c9e3c77ad0;CARDI_6124ecb30ff8,2b1c62bc024a
Wales,W10000007,W06000015,Cardiff,CARDI_150c96c2aae6;CARDI_e928a5583df0,a7e016440b71
Wales,W10000007,W06000015,Cardiff,CARDI_56669b4ce456;CARDI_028104ec72e4,109b7afbba43
Wales,W10000007,W06000015,Cardiff,CARDI_0693d9a4cfa1;CARDI_6bb5031e196f;CARDI_cf79ced4e8ef;CARDI_9643c79798a7,5de48b015207
Wales,W10000007,W06000015,Cardiff,CARDI_56e8356dcaf3;CARDI_5a701f236fdd,2a31c6f73c25
Wales,W10000007,W06000015,Cardiff,CARDI_08a2a37be160;CARDI_50615657ce6b,d551794e7e46
Wales,W10000007,W06000015,Cardiff,CARDI_47521f19e7fa;CARDI_40b536b9e18f,5c9e0be07022
Wales,W10000007,W06000015,Cardiff,CARDI_d2b0ac6dd408,82d879c2dfff
Wales,W10000007,W06000015,Cardiff,CARDI_5fefebd92c65;CARDI_beab14dcb4c9,fa8fffcdc034
Wales,W10000007,W06000015,Cardiff,CARDI_6ea2e16db040;CARDI_115a0d9684f0,5683d55f5a62
Wales,W10000007,W06000015,Cardiff,CARDI_0c2c6e1b8855;CARDI_18aab0b5f8d5,c140f87187b6
Wales,W10000007,W06000015,Cardiff,CARDI_b1f2ef588e97;CARDI_a772a55550bb,44c60a299d29
Wales,W10000007,W06000015,Cardiff,CARDI_4b6e109db60f,dd3b3f01389c
Wales,W10000007,W06000015,Cardiff,CARDI_478da8c45695;CARDI_97e7c8b97d8a;CARDI_832215f0eeed;CARDI_f2545c30b84b,45934f8ca58d
Wales,W10000007,W06000015,Cardiff,CARDI_b721c61c0090;CARDI_488e6c88b840,72bcc267d4ff
Wales,W10000007,W06000015,Cardiff,CARDI_611ef53a2d6c;CARDI_a822ba5ccd0c,a8c77237814c
Wales,W10000007,W06000015,Cardiff,CARDI_900fa7a750c1;CARDI_15e821b851b3,21965466bd75
Wales,W10000007,W06000015,Cardiff,CARDI_b7eeb8980669;CARDI_ef168a4cd99f,6f9a8609dba8
Wales,W10000007,W06000015,Cardiff,CARDI_1d0ae740c4a4;CARDI_50c689404b45,ee66430d949c
Wales,W10000007,W06000015,Cardiff,CARDI_92bf79be1bc6;CARDI_e397e7be8b96,3abe7c56311e
Wales,W10000007,W06000015,Cardiff,CARDI_893d6b2dd630,c77f0e55f152
Wales,W10000007,W06000015,Cardiff,CARDI_75c4553a3556,f84693a7350a
Wales,W10000007,W06000015,Cardiff,CARDI_dfba0d12e6b6;CARDI_e69081cc9d3a,d53addb0b995
Wales,W10000007,W06000015,Cardiff,CARDI_2d1cbcdb87b1,8809d53a44a1
Wales,W10000007,W06000015,Cardiff,CARDI_c45150b6eebc;CARDI_e19f1f74221b,1893cd39834c
Wales,W10000007,W06000015,Cardiff,CARDI_a8e64e89b575;CARDI_b5e45532320e,42ba1f3ead16
Wales,W10000007,W06000015,Cardiff,CARDI_7301bb8ac0b7;CARDI_e195de5d77dd;CARDI_b16a134ce137,c96b2c896745
Wales,W10000007,W06000015,Cardiff,CARDI_c55578eae3c3;CARDI_9d343c1cb143;CARDI_d42b25d795d8,aa965cb61923
Wales,W10000007,W06000015,Cardiff,CARDI_4820787a1002;CARDI_b270992e0800,3081ea8bb205
Wales,W10000007,W06000015,Cardiff,CARDI_dc5f869ae729;CARDI_fbcaa5d0e0c2,6a535eb1c94d
Wales,W10000007,W06000015,Cardiff,CARDI_0f92d84acce6,e251fdc01da6
Wales,W10000007,W06000015,Cardiff,CARDI_3d1c4811915c;CARDI_703ba2951b21,3057c32c0f8d
Wales,W10000007,W06000015,Cardiff,CARDI_97baea59e960;CARDI_10bbd5484099,515d4d238bea
Wales,W10000007,W06000015,Cardiff,CARDI_b3e5854a5a89;CARDI_091842f19290,284d0daaa956
Wales,W10000007,W06000015,Cardiff,CARDI_4e23c65c8e48;CARDI_cde82f1c98c2,04ee526098b9
Wales,W10000007,W06000015,Cardiff,CARDI_27adf2490f36;CARDI_659a452f207a,b8331215286f
Wales,W10000007,W06000015,Cardiff,CARDI_705dc4ec9208,54aca2606ca7
Wales,W10000007,W06000015,Cardiff,CARDI_d676441b54d1,dfba5bf750d0
Wales,W10000007,W06000015,Cardiff,CARDI_3a1f9e199fbf,f79c886a77eb
Wales,W10000007,W06000015,Cardiff,CARDI_9277361c3eb1,13c420e2471e
Wales,W10000007,W06000015,Cardiff,CARDI_7e472c99ff55,8d9267fabe52
Wales,W10000007,W06000015,Cardiff,CARDI_7fc404238359;CARDI_a006d70523a1,7f69c9fe56d0
Wales,W10000007,W06000015,Cardiff,CARDI_2acee2a30201;CARDI_70a46f5fa0a9,0626860d0a28
Wales,W10000007,W06000015,Cardiff,CARDI_960a284a90d5;CARDI_c84fbcb06a11,7de2a8f9d78f
Wales,W10000007,W06000015,Cardiff,CARDI_d8d493812626;CARDI_4d2657388045;CARDI_329744a93680;CARDI_28895e7374f4;CARDI_b30589ce05b4,717d4fa3d3cd
Wales,W10000007,W06000015,Cardiff,CARDI_c494ca3551d2;CARDI_aa4e067cd46d;CARDI_637209da9dbe;CARDI_bcb7552a2fc5;CARDI_e0bff52a6f93;CARDI_f136855296dd;CARDI_d755cc13a2e4;CARDI_d4ebcfeb7de0;CARDI_2200ee438c97;CARDI_173889fd9fd3;CARDI_2d05a832cabb;CARDI_f71f9ec5dd97;CARDI_38accc7732d2;CARDI_d32a1d70975f;CARDI_4bf00a0e6156;CARDI_28ce7aca047a;CARDI_c0a40fca1821;CARDI_c740fdc5812b;CARDI_de802110b33a;CARDI_e0b84ad59902;CARDI_93e347ec587e,ed96732e4dce
Wales,W10000007,W06000015,Cardiff,CARDI_001f2907f209;CARDI_da656e74a4b3,066d9cf9378f
Wales,W10000007,W06000015,Cardiff,CARDI_a7dd52f582b6;CARDI_c91cd9911ca6,750385fa194f
Wales,W10000007,W06000015,Cardiff,CARDI_fcaa6a2818e3;CARDI_dccc54ee9cca;CARDI_74d45769e264;CARDI_6d67b6a945c2;CARDI_4f8b91ddb8af;CARDI_aceca51d1771;CARDI_a8e86c5a50d3;CARDI_5c9041baf076;CARDI_d2e0e45c4520;CARDI_a1e34f54c42b;CARDI_3dd89f9c1360;CARDI_06becbc1de2a;CARDI_8df063aa162d;CARDI_a386f21a767c;CARDI_604ed4bdee71,82b06b4c0188
Wales,W10000007,W06000015,Cardiff,CARDI_c7761696fe34;CARDI_7963bc6c120b;CARDI_f88357b58cbe;CARDI_89002a8b7fd3;CARDI_77afa6e71511;CARDI_74e39dcc8ac2;CARDI_62faa7dd6b73;CARDI_d2455a312345;CARDI_67adc95800b6;CARDI_b2bdd99ce6ce;CARDI_3d2bbd5375b0;CARDI_4383ed2c2e53;CARDI_dd3cfa5bb5c7;CARDI_773eba696815;CARDI_c31f769ef77e;CARDI_277f215d0546;CARDI_69e710cbad9a;CARDI_69cca16df1da;CARDI_615456a97f95;CARDI_477fef330c85;CARDI_bb3be28c8f83;CARDI_8c68a85ea1e3,94a5ad785d2a
Wales,W10000007,W06000015,Cardiff,CARDI_a5ccd0365a99;CARDI_e5f61a633717;CARDI_ba82abf36cf6;CARDI_679a6e88187a;CARDI_3961ea253b7b;CARDI_13dada0ffe55;CARDI_ad433dcd3b31;CARDI_14ddb4c5cb67;CARDI_eb0c92d00c93;CARDI_fca6dd84a7dd;CARDI_ff7e48ee7744;CARDI_264b3ea81488;CARDI_e43d2e5c8721;CARDI_7338ed4ca126;CARDI_bac5602c8ae8;CARDI_5405250dcb39;CARDI_435fdde46a21;CARDI_58cb658ac6ff;CARDI_405d0017e9d6;CARDI_babbef8fd46a;CARDI_6e7503a14128;CARDI_4a812f5ff0e9,eded830526f5
Wales,W10000007,W06000015,Cardiff,CARDI_4ece0a92ba04;CARDI_982f3e162711,fa29b8c77963
Wales,W10000007,W06000015,Cardiff,CARDI_3636322d0741;CARDI_13bf681ebbfa,0f6256f8dd99
Wales,W10000007,W06000015,Cardiff,CARDI_adf53198db4c;CARDI_dc96076f2c7c,a14df18262f9
Wales,W10000007,W06000015,Cardiff,CARDI_f67f20d62027,b908da4a4263
Wales,W10000007,W06000015,Cardiff,CARDI_2f019f9cf502;CARDI_defd10fad7c7,d69f78c25628
Wales,W10000007,W06000015,Cardiff,CARDI_74dcbbd1590b;CARDI_4c1cd73baa53,b3ad0896add1
Wales,W10000007,W06000015,Cardiff,CARDI_658bb3d56f24;CARDI_1e3e325d5220,0d4c8c47d48e
Wales,W10000007,W06000015,Cardiff,CARDI_8047bd1d4ae1,ab8bb56f895d
Wales,W10000007,W06000015,Cardiff,CARDI_1dd982b7ea97;CARDI_8110ba82f64f,17b80a83995e
Wales,W10000007,W06000015,Cardiff,CARDI_a5ef1101dbc9;CARDI_5738884c576d,3649c92d72cd
Wales,W10000007,W06000015,Cardiff,CARDI_b09e26fcd7cf;CARDI_9c40f8cf914c,8a563505f097
Wales,W10000007,W06000015,Cardiff,CARDI_1af89cf1269b;CARDI_0926b633259d,c51c2c8c2a9c
Wales,W10000007,W06000015,Cardiff,CARDI_9dddc1432fcd;CARDI_393463d69c8f,ad186d18c54e
Wales,W10000007,W06000015,Cardiff,CARDI_bcdb42764bc8;CARDI_000adc1defa4,5869d34bee23
Wales,W10000007,W06000015,Cardiff,CARDI_e37ab980a252;CARDI_7a24030ef8ee,893311927fcc
Wales,W10000007,W06000015,Cardiff,CARDI_8246ba71bd48;CARDI_e179e0317bab;CARDI_4065320e3e8a;CARDI_3c492a00cca9;CARDI_7eb9b4c3aa95;CARDI_9c678aebda1d;CARDI_29484164659e;CARDI_2be0859e6afd;CARDI_49e59dc1d3d8;CARDI_ad470a5220ad;CARDI_0d24dcee6088;CARDI_db99ce871f49,e52971ab7f84
Wales,W10000007,W06000015,Cardiff,CARDI_0842e1a59819;CARDI_9b0bc66b7f8a;CARDI_9de91520bc07,e77c07d0379a
Wales,W10000007,W06000015,Cardiff,CARDI_74d1a73abb68;CARDI_45fba65a35ce,3805eca55ed1
Wales,W10000007,W06000015,Cardiff,CARDI_d754c6997378;CARDI_7cfea8a0388a,7e862fb97b81
Wales,W10000007,W06000015,Cardiff,CARDI_dcdc5be32672;CARDI_24d0e640f636,a3575ae263bc
Wales,W10000007,W06000015,Cardiff,CARDI_78c19b24dbeb;CARDI_f4d997bdc853;CARDI_898ad7e4202a;CARDI_7c64a4ecb9c4;CARDI_027ba2751dfd;CARDI_0dc6588b5dd4;CARDI_fb842321eee7;CARDI_a4430d147c6a;CARDI_ae0575444ef4;CARDI_067081ba189a,b188becdcf14
Wales,W10000007,W06000015,Cardiff,CARDI_a93cc8f1c11d;CARDI_11dcbbc92d0f,0fbc6e66d55f
Wales,W10000007,W06000015,Cardiff,CARDI_aa99abc9a7c3;CARDI_be33ed0a8eee;CARDI_f9e57c37076b;CARDI_1eb63654c605;CARDI_94f6266c401b;CARDI_6496030fe1ad;CARDI_046aa9a347bb;CARDI_5d0735bd6f1d;CARDI_4f2f7c7c2f29,49bbb9cb8bc1
Wales,W10000007,W06000015,Cardiff,CARDI_a0bdd514f0ce;CARDI_948e2f47ee92,0aa1b14417ce
Wales,W10000007,W06000015,Cardiff,CARDI_9803f21e6850;CARDI_c1eaf8240ee9,3af38ac1db32
Wales,W10000007,W06000015,Cardiff,CARDI_a5eb6ccd710e;CARDI_5a52c8800847,c36c24ac814a
Wales,W10000007,W06000015,Cardiff,CARDI_fba4fb3ad674;CARDI_2726d78715bb,2f2bbbf70d0c
Wales,W10000007,W06000015,Cardiff,CARDI_42dfeaa84817;CARDI_b59e5cb6e5d0,d5e2e9dabd3a
Wales,W10000007,W06000015,Cardiff,CARDI_2cca31d961db;CARDI_abf75c9e2239,5a1c99496926
Wales,W10000007,W06000015,Cardiff,CARDI_14584bbf6652;CARDI_a5e28338d514,ae925754ce56
Wales,W10000007,W06000015,Cardiff,CARDI_4cb97c96cf60;CARDI_184b4ff26932,56e5121b4bc9
Wales,W10000007,W06000015,Cardiff,CARDI_facd38c82e68;CARDI_627f1ef6b9e1,b1e6ceefae85
Wales,W10000007,W06000015,Cardiff,CARDI_4ad64dc3f584;CARDI_4ecb390acdbd,1c047188b675
Wales,W10000007,W06000015,Cardiff,CARDI_883adb910bb9,e34b29107548
Wales,W10000007,W06000015,Cardiff,CARDI_fdf98c8964f0;CARDI_f2c6d053f5bf,ebd786fe6c38
Wales,W10000007,W06000015,Cardiff,CARDI_8863bc72bdfe;CARDI_1fc6f3681b2e,90c4ae120296
Wales,W10000007,W06000015,Cardiff,CARDI_23b0ac1af042;CARDI_3681d4fe41d3,cae4a3c6a046
Wales,W10000007,W06000015,Cardiff,CARDI_e1c5a2cad185;CARDI_48654f6e5465,7d139b31922c
Wales,W10000007,W06000015,Cardiff,CARDI_c5404ce0d82f,e2755cafdcaf
Wales,W10000007,W06000015,Cardiff,CARDI_f5b0f12f80fe;CARDI_d3529377b250,22ac47a5a335
Wales,W10000007,W06000015,Cardiff,CARDI_be708df62ae2,b7c41de03205
Wales,W10000007,W06000015,Cardiff,CARDI_0f8865b37c77;CARDI_f00939ded859,021033892b50
Wales,W10000007,W06000015,Cardiff,CARDI_a3b355045930;CARDI_eefe0304b772,763d1faff4ae
Wales,W10000007,W06000015,Cardiff,CARDI_96a4efb9bd0f;CARDI_169398e2a554,44b4295f0600
Wales,W10000007,W06000015,Cardiff,CARDI_e7c093047aa1;CARDI_c4bf628f23a0,e1ec072c2ed3
Wales,W10000007,W06000015,Cardiff,CARDI_34906e64f987;CARDI_80c449a6b779,d795ead64d3f
Wales,W10000007,W06000015,Cardiff,CARDI_bb712d94dfa6;CARDI_785c1bf6f218,e347753e2a91
Wales,W10000007,W06000015,Cardiff,CARDI_f73e790c8dbb;CARDI_4140b76199dc,a13703183ca3
Wales,W10000007,W06000015,Cardiff,CARDI_582a1bd76116,f65617024c1d
Wales,W10000007,W06000015,Cardiff,CARDI_fb198ee678d0;CARDI_10a524442908,002b2e68c8c1
Wales,W10000007,W06000015,Cardiff,CARDI_71125ace4167;CARDI_5d0d30801fb2,9977b7366050
Wales,W10000007,W06000015,Cardiff,CARDI_7268abd5d35b;CARDI_af1a5f49676c,3a68e8fc5410
Wales,W10000007,W06000015,Cardiff,CARDI_e64a5e631673,9dfa992fc479
Wales,W10000007,W06000015,Cardiff,CARDI_52dc53629b2a,d2d97496fd55
Wales,W10000007,W06000015,Cardiff,CARDI_ef1ba1b415b3,0030cb5bc8db
Wales,W10000007,W06000015,Cardiff,CARDI_302f0fd2d8c3,f2dee035f0c0
Wales,W10000007,W06000015,Cardiff,CARDI_4dcbac93f5c3,869a915ecae4
Wales,W10000007,W06000015,Cardiff,CARDI_69d36fe601f7,1f1a0059a1a9
Wales,W10000007,W06000015,Cardiff,CARDI_c0d2486b7f0e,d781c80bcb3b
Wales,W10000007,W06000015,Cardiff,CARDI_8d9cd80127ad,9f0f0a76ea30
Wales,W10000007,W06000015,Cardiff,CARDI_c0d3d8fbfa08,3dad38c79d4e
Wales,W10000007,W06000015,Cardiff,CARDI_87e1158fd613,dd7a30ab1331
Wales,W10000007,W06000015,Cardiff,CARDI_de32c13c0ad8,421258ebe62c
Wales,W10000007,W06000015,Cardiff,CARDI_94fd8a98cf7b,b625bc424a6e
Wales,W10000007,W06000015,Cardiff,CARDI_c1e556958f6c,354ab14298d3
Wales,W10000007,W06000015,Cardiff,CARDI_80b9c942cbfe,9615e2c0648e
Wales,W10000007,W06000015,Cardiff,CARDI_b081e57df989,d017732ac055
Wales,W10000007,W06000015,Cardiff,CARDI_874f2d861d6d,d78a53bdc46a
Wales,W10000007,W06000015,Cardiff,CARDI_f06aacd0f93d,2756546829cc
Wales,W10000007,W06000015,Cardiff,CARDI_9ea08e179348,8205970790aa
Wales,W10000007,W06000015,Cardiff,CARDI_828683289107,62e3be3178a3
Wales,W10000007,W06000015,Cardiff,CARDI_bcd687facff7,064a1e0403a4
Wales,W10000007,W06000015,Cardiff,CARDI_036fca60ee54,a0d144e863a3
Wales,W10000007,W06000015,Cardiff,CARDI_c13e61285644,fe14e1e93002
Wales,W10000007,W06000015,Cardiff,CARDI_7830ecd6eba9,ea2c3e396bce
Wales,W10000007,W06000015,Cardiff,CARDI_78d279a8713e,8bfafb18dec1
Wales,W10000007,W06000015,Cardiff,CARDI_49ba6c78296c,df003c6c2873
Wales,W10000007,W06000015,Cardiff,CARDI_6bcccd38f956,3f032f18a4ee
Wales,W10000007,W06000015,Cardiff,CARDI_0888e874dbba,a043846e1b97
Wales,W10000007,W06000015,Cardiff,CARDI_61c33a50e9c4,03f07624637a
Wales,W10000007,W06000015,Cardiff,CARDI_5228a2cf27fb,31fb6f6ae365
Wales,W10000007,W06000015,Cardiff,CARDI_11773c90a6c7,37158abb2413
Wales,W10000007,W06000015,Cardiff,CARDI_a5cf8398e88a;CARDI_059a29688d3f;CARDI_76b47ff1c414;CARDI_c4f68b184747;CARDI_8a953088199a;CARDI_9f652639570b;CARDI_c272c18a64e7;CARDI_b2968f47cb01;CARDI_99f8a2c449ec;CARDI_624b0f15ef6d;CARDI_00476642ae6b;CARDI_426b0acc877d;CARDI_1da14ec8fe89;CARDI_a4b6ea8e8491;CARDI_390493e3a5e4;CARDI_05e2a11ae943;CARDI_00baf739187a;CARDI_e07291b0acb3;CARDI_5cf9370b6984;CARDI_b2c1f75c071b;CARDI_9014f919def4;CARDI_d299891d5ea8;CARDI_108373b0e9f1;CARDI_03414fa44376;CARDI_117a47206926;CARDI_15e0d4aa0769;CARDI_11764e1e751d;CARDI_73ab5c01282f;CARDI_edffb12fe87e;CARDI_cb04fe03db7d;CARDI_fbc69fffe26f;CARDI_8134306a12e2;CARDI_6f7a939e9dc6;CARDI_7e65d087aec4;CARDI_16d1637d5d4e;CARDI_51137fd775f6;CARDI_830fae4a0a22;CARDI_5732fbad6479;CARDI_0b30dda71823;CARDI_ecb7178ab46a;CARDI_7ec9d61282b7;CARDI_09a0fb959863;CARDI_dd86ba12d917;CARDI_d028ddcbae85;CARDI_19ce63645243;CARDI_4df12698e798;CARDI_142ed77a2016;CARDI_18c4fd1001be;CARDI_1da880fb5c9c,7d9be0f9333a
Wales,W10000007,W06000015,Cardiff,CARDI_f14214792e58,b01ab7f0294e
Wales,W10000007,W06000015,Cardiff,CARDI_23cd066a1e41,40c53d09046a
Wales,W10000007,W06000015,Cardiff,CARDI_8ca8e35cdfb7,cedd1eec58f6
Wales,W10000007,W06000015,Cardiff,CARDI_016bdb374c36,51442ab7e647
Wales,W10000007,W06000015,Cardiff,CARDI_7fab0d464013,b6b2a33a618b
Wales,W10000007,W06000015,Cardiff,CARDI_448b68778f7a,60b449ff0ee3
Wales,W10000007,W06000015,Cardiff,CARDI_c66f0a75d6f4,44b9325e1439
Wales,W10000007,W06000015,Cardiff,CARDI_6ab2205e76ce,a29964ad8900
Wales,W10000007,W06000015,Cardiff,CARDI_c587ba6ba0be,cebb18882e34
Wales,W10000007,W06000015,Cardiff,CARDI_6e96a2018ad8,ff1b7c02168d
Wales,W10000007,W06000015,Cardiff,CARDI_b381552f5b54,f9dea0584d2a
Wales,W10000007,W06000015,Cardiff,CARDI_6612e94878df,314e57f53b76
Wales,W10000007,W06000015,Cardiff,CARDI_3d42b83784a7,532fb2f700ad
Wales,W10000007,W06000015,Cardiff,CARDI_3c1bbeb9e0e1,0374eecc2b5d
Wales,W10000007,W06000015,Cardiff,CARDI_6f31301a37b4,5e8a082e0ea0
Wales,W10000007,W06000015,Cardiff,CARDI_abcf16dc3cc5,7bde6dfdaa4b
Wales,W10000007,W06000015,Cardiff,CARDI_8b462d14d21d,5c0569fbf2fa
Wales,W10000007,W06000015,Cardiff,CARDI_0b5beec8ecfb,9a9f97f1acba
Wales,W10000007,W06000015,Cardiff,CARDI_2be41ef88fdb,23f8e7169a5b
Wales,W10000007,W06000015,Cardiff,CARDI_a5aca0f5a4d0,5f3d4b369966
Wales,W10000007,W06000015,Cardiff,CARDI_a24a1420c232,3bde29161508
Wales,W10000007,W06000015,Cardiff,CARDI_a543a539f84d,d88a8f8d478b
Wales,W10000007,W06000015,Cardiff,CARDI_0757ff61761b,6e9b6959161d
Wales,W10000007,W06000015,Cardiff,CARDI_8d6817c1d320,846332a46e1b
Wales,W10000007,W06000015,Cardiff,CARDI_fa5d5349ef8b,78cad18909b7
Wales,W10000007,W06000015,Cardiff,CARDI_03152c06063e,fb85d78bae84
Wales,W10000007,W06000015,Cardiff,CARDI_18c7892a4b07,db8b5071bbee
Wales,W10000007,W06000015,Cardiff,CARDI_25bdb0f95bde,dddf4f000806
Wales,W10000007,W06000015,Cardiff,CARDI_dcd8dbefa350,cf80fe8ac977
Wales,W10000007,W06000015,Cardiff,CARDI_a06364eb3ac3,351419beb05d
Wales,W10000007,W06000015,Cardiff,CARDI_2a62eee60e20,26b13ded8c93
Wales,W10000007,W06000015,Cardiff,CARDI_f067b46e9189,d4b9f35ebf4b
Wales,W10000007,W06000015,Cardiff,CARDI_d630cbbe3c1b,48cf63eca5ec
Wales,W10000007,W06000015,Cardiff,CARDI_f7b1a4a374d4,fb509bbfa9ee
Wales,W10000007,W06000015,Cardiff,CARDI_49c80315315e,df462a0aeb36
Wales,W10000007,W06000015,Cardiff,CARDI_7a64405ac7df,ffa5d071d88e
Wales,W10000007,W06000015,Cardiff,CARDI_3268ee1ce3a4,86ad6439b06d
Wales,W10000007,W06000015,Cardiff,CARDI_f48571ac25a7,647c9d2decdd
Wales,W10000007,W06000015,Cardiff,CARDI_114eb7d0708a,f03793974a70
Wales,W10000007,W06000015,Cardiff,CARDI_2982226c5c0b,bb770ac7dbdd
Wales,W10000007,W06000015,Cardiff,CARDI_aea3c2f6e82e,00e091b6137d
Wales,W10000007,W06000015,Cardiff,CARDI_feb51310376d,8c2b676d7148
Wales,W10000007,W06000015,Cardiff,CARDI_3b6ccf83699c,0d311f6e632e
Wales,W10000007,W06000015,Cardiff,CARDI_1aff0459ecba,d28ac5241978
Wales,W10000007,W06000015,Cardiff,CARDI_0f9c61b78fc4,fd183b2bcb1f
Wales,W10000007,W06000015,Cardiff,CARDI_a513405a629d,a5423034885c
Wales,W10000007,W06000015,Cardiff,CARDI_46204449134d,7cc88e44bfca
Wales,W10000007,W06000015,Cardiff,CARDI_bdc0aa9ca004,1556acc153f7
Wales,W10000007,W06000015,Cardiff,CARDI_a8e576d13ea8,32b90c626585
Wales,W10000007,W06000015,Cardiff,CARDI_1a306537171a,91c501d41834
Wales,W10000007,W06000015,Cardiff,CARDI_1f2a69a5964d,7da404043e26
Wales,W10000007,W06000015,Cardiff,CARDI_ea0ea3eb7d7f,aa48529369cd
Wales,W10000007,W06000015,Cardiff,CARDI_9367a96b7829,8ff977a6f937
Wales,W10000007,W06000015,Cardiff,CARDI_18d511c799af,4d618519f974
Wales,W10000007,W06000015,Cardiff,CARDI_7c321bad14db,7b5aaeaf089d
Wales,W10000007,W06000015,Cardiff,CARDI_229269b1f5e0,e1fd606db737
Wales,W10000007,W06000015,Cardiff,CARDI_d37f44fdc048,29b315c1ad11
Wales,W10000007,W06000015,Cardiff,CARDI_aebace0b813e,747734dbf7e7
Wales,W10000007,W06000015,Cardiff,CARDI_fe8c375e6329,745f75417016
Wales,W10000007,W06000015,Cardiff,CARDI_7469acff1872,25282940dbbd
Wales,W10000007,W06000015,Cardiff,CARDI_98c3434958e8,9d725e13bed3
Wales,W10000007,W06000015,Cardiff,CARDI_d251b291a73a,fdfbacb1e23c
Wales,W10000007,W06000015,Cardiff,CARDI_0033730be1f7,cd8fb25a47e3
Wales,W10000007,W06000015,Cardiff,CARDI_f7bea4482336,0be4ef73fced
Wales,W10000007,W06000015,Cardiff,CARDI_541d73eda245,c6db1a1703ed
Wales,W10000007,W06000015,Cardiff,CARDI_e2e89d926495,2e3f8e7155b8
Wales,W10000007,W06000015,Cardiff,CARDI_f745f0a42c9d,ebaf39412029
Wales,W10000007,W06000015,Cardiff,CARDI_bf21560fcf1a,3f1270ff1c57
Wales,W10000007,W06000015,Cardiff,CARDI_f6a0c56d4271,fa1380bf28f1
Wales,W10000007,W06000015,Cardiff,CARDI_8a6bd2220fbc,01df5fd3d829
Wales,W10000007,W06000015,Cardiff,CARDI_a5aa80b0159a,3f62e8cb11b0
Wales,W10000007,W06000015,Cardiff,CARDI_5069b83d141b,eeee4430452e
Wales,W10000007,W06000015,Cardiff,CARDI_96ffa300cab5,6fdb1b5d98cb
Wales,W10000007,W06000015,Cardiff,CARDI_9c3cd15ae82d,5d543938e7d4
Wales,W10000007,W06000015,Cardiff,CARDI_89b11b86563d,28d77db64ae3
Wales,W10000007,W06000015,Cardiff,CARDI_3d19b4da560f,44de6bb6f1cd
Wales,W10000007,W06000015,Cardiff,CARDI_6c1253097608,66209af74842
Wales,W10000007,W06000015,Cardiff,CARDI_dffe7e191d9f,2a367c8c15c9
Wales,W10000007,W06000015,Cardiff,CARDI_ab1c2caa1d31,e6a6e7dc95b7
Wales,W10000007,W06000015,Cardiff,CARDI_9212e864e2d3,ad0b92da1596
Wales,W10000007,W06000015,Cardiff,CARDI_b3d31a518bf7,25f01d4f6332
Wales,W10000007,W06000015,Cardiff,CARDI_ca164455fa0a,74e9f823c866
Wales,W10000007,W06000015,Cardiff,CARDI_241139e92eb3,7d51297dac1d
Wales,W10000007,W06000015,Cardiff,CARDI_c5d23a8d4fe9,674d0850eda5
Wales,W10000007,W06000015,Cardiff,CARDI_555b31c306f8,6866e49fae91
Wales,W10000007,W06000015,Cardiff,CARDI_56eda93e9403,cf2f2f7bb5ee
Wales,W10000007,W06000015,Cardiff,CARDI_5fb426f18d39,72b4d557dbd5
Wales,W10000007,W06000015,Cardiff,CARDI_e25d8dba8149,3f8dce2d1cb4
Wales,W10000007,W06000015,Cardiff,CARDI_194ce203f4df,399cd9ddeb08
Wales,W10000007,W06000015,Cardiff,CARDI_90b75f6e8f63,c197730bb556
Wales,W10000007,W06000015,Cardiff,CARDI_4ef5486453b9,a0105f2206ff
Wales,W10000007,W06000015,Cardiff,CARDI_4905e35d615b,da64e6f8ebf1
Wales,W10000007,W06000015,Cardiff,CARDI_33bbdfa266db,946eb6d25554
Wales,W10000007,W06000015,Cardiff,CARDI_b2a2aff8b257,9f8a92103378
Wales,W10000007,W06000015,Cardiff,CARDI_32af0a4d4897,fc41a01236b3
Wales,W10000007,W06000015,Cardiff,CARDI_bc5cfd55fb48,c23c3fc9d648
Wales,W10000007,W06000015,Cardiff,CARDI_daba4d080a4c,f64b42e7fd6b
Wales,W10000007,W06000015,Cardiff,CARDI_b4535a74a31f,6d9545b769d9
Wales,W10000007,W06000015,Cardiff,CARDI_c7889799aaa9,7df432845900
Wales,W10000007,W06000015,Cardiff,CARDI_5d4cd0864ba4,ab7187e2200d
Wales,W10000007,W06000015,Cardiff,CARDI_6431da4570a8,9bbb269905ae
Wales,W10000007,W06000015,Cardiff,CARDI_c51b06e8cc0e,e56437fac15b
Wales,W10000007,W06000015,Cardiff,CARDI_7b7dd4a186c0,5765bc27bf34
Wales,W10000007,W06000015,Cardiff,CARDI_b36da28ed503,02b9629cda68
Wales,W10000007,W06000015,Cardiff,CARDI_432558a9e2f9,46a096b3c160
Wales,W10000007,W06000015,Cardiff,CARDI_f2be67e4b7fb,d2420f6672c9
Wales,W10000007,W06000015,Cardiff,CARDI_4b7027a3ae4d,ceff41a3b5fe
Wales,W10000007,W06000015,Cardiff,CARDI_f9d348c7a411,bd5a206248f7
Wales,W10000007,W06000015,Cardiff,CARDI_750b36b62315,ac98205fe980
Wales,W10000007,W06000015,Cardiff,CARDI_863de5a6d07f,02e46927011f
Wales,W10000007,W06000015,Cardiff,CARDI_83f03de91d98,48fae984d193
Wales,W10000007,W06000015,Cardiff,CARDI_0faa20d53d13,3e9e514bc4d0
Wales,W10000007,W06000015,Cardiff,CARDI_a09118d88941,8dbf985773f4
Wales,W10000007,W06000015,Cardiff,CARDI_3c87bce7a21d,c2882bdee15c
Wales,W10000007,W06000015,Cardiff,CARDI_593a04f03e48,00dacaa2b313
Wales,W10000007,W06000015,Cardiff,CARDI_0b224badf057,67912ddb4e27
Wales,W10000007,W06000015,Cardiff,CARDI_3fe59f8e2333,034aa6c090ab
Wales,W10000007,W06000015,Cardiff,CARDI_b4ca5590b261,ce1f5a9e6376
Wales,W10000007,W06000015,Cardiff,CARDI_9b51fc65daef,076ec91d0bb2
Wales,W10000007,W06000015,Cardiff,CARDI_4e1b04406c94,70a13998b938
Wales,W10000007,W06000015,Cardiff,CARDI_bb20e74871b5,4d76618ab2c9
Wales,W10000007,W06000015,Cardiff,CARDI_90a35de9f625,9cc3ba0c5ca2
Wales,W10000007,W06000015,Cardiff,CARDI_9a23392ccd1b,53ba80f79dc7
Wales,W10000007,W06000015,Cardiff,CARDI_e44c3838be04,156c92a844c8
Wales,W10000007,W06000015,Cardiff,CARDI_6424066d24de,3d8053655789
Wales,W10000007,W06000015,Cardiff,CARDI_2c0ae194868c,81a85dc6fb16
Wales,W10000007,W06000015,Cardiff,CARDI_2c2b603e8bab,d20cfffff2c8
Wales,W10000007,W06000015,Cardiff,CARDI_2cc78ccdb6c1,1fa373f95b51
Wales,W10000007,W06000015,Cardiff,CARDI_e26d11fe01cd,d93b6085794d
Wales,W10000007,W06000015,Cardiff,CARDI_5b420b0cd079,33395c17f5f1
Wales,W10000007,W06000015,Cardiff,CARDI_9aa141ce720b,0bb386261f56
Wales,W10000007,W06000015,Cardiff,CARDI_0269f8eee561,b580d7887d18
Wales,W10000007,W06000015,Cardiff,CARDI_5cba5322a3aa,2e8f4c220100
Wales,W10000007,W06000015,Cardiff,CARDI_19d31ad1602d,d2fd6155a417
Wales,W10000007,W06000015,Cardiff,CARDI_c13a0f2db510,3be2194690c9
Wales,W10000007,W06000015,Cardiff,CARDI_4bc9d9d0552b,dc041b80dd8c
Wales,W10000007,W06000015,Cardiff,CARDI_c30da0b82060,fce8f89d7b5f
Wales,W10000007,W06000015,Cardiff,CARDI_528162c6403b,a03cf88cfbe0
Wales,W10000007,W06000015,Cardiff,CARDI_d43e5396148a,0f54bea89bfe
Wales,W10000007,W06000015,Cardiff,CARDI_ac5d909b1e34,38ce6f2c6bc8
Wales,W10000007,W06000015,Cardiff,CARDI_235ee386bcb5,982120107513
Wales,W10000007,W06000015,Cardiff,CARDI_3168a39e4eae,40be2c05b7db
Wales,W10000007,W06000015,Cardiff,CARDI_0a34aeaff64a,9a611e4e6d10
Wales,W10000007,W06000015,Cardiff,CARDI_a06255c32e60,19c5566da9e4
Wales,W10000007,W06000015,Cardiff,CARDI_ac49fa704b3f,f4489d969040
Wales,W10000007,W06000015,Cardiff,CARDI_4d55e4cf4b63,0b7ff83d76f5
Wales,W10000007,W06000015,Cardiff,CARDI_4ec6926807a9,a997fcdd8eba
Wales,W10000007,W06000015,Cardiff,CARDI_f4488f24f1b0,349e93a45884
Wales,W10000007,W06000015,Cardiff,CARDI_73a416ba676a,779791df29f9
Wales,W10000007,W06000015,Cardiff,CARDI_9217252c1cf2,449807ebd0bb
Wales,W10000007,W06000015,Cardiff,CARDI_724a51a3e619,260b66fe0cd0
Wales,W10000007,W06000015,Cardiff,CARDI_585f8a28f135,4f674312d62f
Wales,W10000007,W06000015,Cardiff,CARDI_5d2f26b6dfa9,e7a313651e0f
Wales,W10000007,W06000015,Cardiff,CARDI_06fae770ba97,30f2341211ad
Wales,W10000007,W06000015,Cardiff,CARDI_99c75dd2ac19,a5a3f504bddf
Wales,W10000007,W06000015,Cardiff,CARDI_bf025ab38539,3d3f91f8c23b
Wales,W10000007,W06000015,Cardiff,CARDI_70382a5cf861,885fab4514be
Wales,W10000007,W06000015,Cardiff,CARDI_5959ad039fd4,7d3b4f848cf0
Wales,W10000007,W06000015,Cardiff,CARDI_6b4cc13e1040,2b2869b750e6
Wales,W10000007,W06000015,Cardiff,CARDI_d110f3a523b2,f4cbf10ec13a
Wales,W10000007,W06000015,Cardiff,CARDI_fbb7fd482674,dc13299a0d03
Wales,W10000007,W06000015,Cardiff,CARDI_03a8b69024c0,cc3a92833702
Wales,W10000007,W06000015,Cardiff,CARDI_d76d293a6620,8a44887934e5
Wales,W10000007,W06000015,Cardiff,CARDI_691ad7674a7c,946cf9dc7430
Wales,W10000007,W06000015,Cardiff,CARDI_d0526f2e9441,c2e4589635ec
Wales,W10000007,W06000015,Cardiff,CARDI_55eeab8ec32c,a94ffce77bc4
Wales,W10000007,W06000015,Cardiff,CARDI_b3b34c06568e,e36ffa6c1634
Wales,W10000007,W06000015,Cardiff,CARDI_a73f1515e262,a0f09aa25019
Wales,W10000007,W06000015,Cardiff,CARDI_57fefc9c94b3,1e7c86cb5335
Wales,W10000007,W06000015,Cardiff,CARDI_467e302a4f99,021f31c00828
Wales,W10000007,W06000015,Cardiff,CARDI_778ebfe8a5ed,50981211ccf8
Wales,W10000007,W06000015,Cardiff,CARDI_bfea4abd8315,144430800e01
Wales,W10000007,W06000015,Cardiff,CARDI_cd5d638f0d74,67c475028775
Wales,W10000007,W06000015,Cardiff,CARDI_87f826c4e0ff,796ce4df43e3
Wales,W10000007,W06000015,Cardiff,CARDI_8916bf280fce,364232328756
Wales,W10000007,W06000015,Cardiff,CARDI_030c17d8eba4,facde41c36f3
Wales,W10000007,W06000015,Cardiff,CARDI_d07190fca7dc,ef6495cd754e
Wales,W10000007,W06000015,Cardiff,CARDI_f8090a3c7e19,aa9a93b9c118
Wales,W10000007,W06000015,Cardiff,CARDI_774bd6c4dcc7,d9d26ed9ba6f
Wales,W10000007,W06000015,Cardiff,CARDI_a573363413cb,c8eb8d6596e8
Wales,W10000007,W06000015,Cardiff,CARDI_dfec046785ff,41c6ab0562de
Wales,W10000007,W06000015,Cardiff,CARDI_63fb5777ea72,da667be12537
Wales,W10000007,W06000015,Cardiff,CARDI_109ee9668933,78e7ac3d974c
Wales,W10000007,W06000015,Cardiff,CARDI_8ae5a2f05de3,558bff9fe1a8
Wales,W10000007,W06000015,Cardiff,CARDI_fafe6c0922ef,0df27f1c9ed6
Wales,W10000007,W06000015,Cardiff,CARDI_48fe65d277ea,a93ab82d94f0
Wales,W10000007,W06000015,Cardiff,CARDI_a3bfca820e62,b3d3e976c542
Wales,W10000007,W06000015,Cardiff,CARDI_5aa7c7e9712d,5f422cabf883
Wales,W10000007,W06000015,Cardiff,CARDI_d797e3867959,f33c92872b90
Wales,W10000007,W06000015,Cardiff,CARDI_e47e296be39b,cae82d0a133f
Wales,W10000007,W06000015,Cardiff,CARDI_b2d8c135fc0d,a1997c3adec3
Wales,W10000007,W06000015,Cardiff,CARDI_27dd55fd43c5,b99e62ed7e34
Wales,W10000007,W06000015,Cardiff,CARDI_c0e0e8aa05ca,a2c32c4ae6a4
Wales,W10000007,W06000015,Cardiff,CARDI_e09394711f99,afb15400a58d
Wales,W10000007,W06000015,Cardiff,CARDI_5527376b5555,1b86c688b435
Wales,W10000007,W06000015,Cardiff,CARDI_983e8d15d385,541a2266096b
Wales,W10000007,W06000015,Cardiff,CARDI_3fc3fd363c61,e5f9f9790323
Wales,W10000007,W06000015,Cardiff,CARDI_613db33109c7,e86db60f9e62
Wales,W10000007,W06000015,Cardiff,CARDI_171564d4a8f9,b6b978f2caa7
Wales,W10000007,W06000015,Cardiff,CARDI_9ea4e59edb60,2f54743ed65e
Wales,W10000007,W06000015,Cardiff,CARDI_d1b88291ceb4,352ea3f0d276
Wales,W10000007,W06000015,Cardiff,CARDI_28b28c3d38b8,66474680b27b
Wales,W10000007,W06000015,Cardiff,CARDI_af2988e21482,07d882e90d68
Wales,W10000007,W06000015,Cardiff,CARDI_694052a5e46f,230d3aec688c
Wales,W10000007,W06000015,Cardiff,CARDI_fca229716c9c,020da94fd841
Wales,W10000007,W06000015,Cardiff,CARDI_07137bac68e0,687cda15f500
Wales,W10000007,W06000015,Cardiff,CARDI_dccc207f8805,93807bfbb503
Wales,W10000007,W06000015,Cardiff,CARDI_d3a6302d6124,a9d993175d80
Wales,W10000007,W06000015,Cardiff,CARDI_7fa73a6e1c05,c0b16d08b26f
Wales,W10000007,W06000015,Cardiff,CARDI_f76868640367,bdb8937e8bc7
Wales,W10000007,W06000015,Cardiff,CARDI_149c0567f499,39ebaaeae975
Wales,W10000007,W06000015,Cardiff,CARDI_68b73b9c014c,ae0e5fe27a87
Wales,W10000007,W06000015,Cardiff,CARDI_9b003bc69e08,c3a86e484687
Wales,W10000007,W06000015,Cardiff,CARDI_ed1058bec61b,60084d5e7120
Wales,W10000007,W06000015,Cardiff,CARDI_608b12e60527,68faf5912105
Wales,W10000007,W06000015,Cardiff,CARDI_9b5f6df1eeb3,bf7cfb044bf6
Wales,W10000007,W06000015,Cardiff,CARDI_2cf5467600cc,0a26cbd5dadd
Wales,W10000007,W06000015,Cardiff,CARDI_0a78afa5ec19,523e11febf19
Wales,W10000007,W06000015,Cardiff,CARDI_43259f59c306,9b7f2ca585c2
Wales,W10000007,W06000015,Cardiff,CARDI_27b7ea24c680,7ae7ad4b363d
Wales,W10000007,W06000015,Cardiff,CARDI_12810fa43428,1e72e7a243dc
Wales,W10000007,W06000015,Cardiff,CARDI_fc647c0add4b,af104edfa079
Wales,W10000007,W06000015,Cardiff,CARDI_79220a71a6c9,5a67bb842a03
Wales,W10000007,W06000015,Cardiff,CARDI_9da7c12ef112,e233bcb6967b
Wales,W10000007,W06000015,Cardiff,CARDI_288fa7e946ee,e50fc0e7c8a1
Wales,W10000007,W06000015,Cardiff,CARDI_dc0ee070ce82,9b9c8ea05a7c
Wales,W10000007,W06000015,Cardiff,CARDI_518c5c015c56,a76bca880439
Wales,W10000007,W06000015,Cardiff,CARDI_6ec2554bf519,5911e48b0bd1
Wales,W10000007,W06000015,Cardiff,CARDI_d622e48fd7a1,1dcc8e5605bd
Wales,W10000007,W06000015,Cardiff,CARDI_ceba2c3b7d6c,682e9412dcc3
Wales,W10000007,W06000015,Cardiff,CARDI_fc1e371e46b8,0ffe53f685b3
Wales,W10000007,W06000015,Cardiff,CARDI_d30884c035c4,bbe8cb01cbb3
Wales,W10000007,W06000015,Cardiff,CARDI_a15ce99d3dd9,557966fdc8a3
Wales,W10000007,W06000015,Cardiff,CARDI_a186b7078690,f980505ad721
Wales,W10000007,W06000015,Cardiff,CARDI_4f5e7e60d028,1291bc951441
Wales,W10000007,W06000015,Cardiff,CARDI_4968e58706a0,4b07893aa6f0
Wales,W10000007,W06000015,Cardiff,CARDI_60d8c4299fb6,12629942da94
Wales,W10000007,W06000015,Cardiff,CARDI_ae88f89f622d,0614e1a605ce
Wales,W10000007,W06000015,Cardiff,CARDI_586fc1a06a1c,4d025628d304
Wales,W10000007,W06000015,Cardiff,CARDI_001828a0c96c,c95f5d79dc64
Wales,W10000007,W06000015,Cardiff,CARDI_6bf4006404d7,0186e28ce869
Wales,W10000007,W06000015,Cardiff,CARDI_fefa2db5a845,4114f8c6a169
Wales,W10000007,W06000015,Cardiff,CARDI_d033aa7df1f5,a70b09d141f1
Wales,W10000007,W06000015,Cardiff,CARDI_bbdad0a3cf5c,0f3b896e6a05
Wales,W10000007,W06000015,Cardiff,CARDI_7408bf931ab7,14fef57b525b
Wales,W10000007,W06000015,Cardiff,CARDI_e148800fbe01,f0bfb6c9617c
Wales,W10000007,W06000015,Cardiff,CARDI_3328c66a4bf6,34a4399171ce
Wales,W10000007,W06000015,Cardiff,CARDI_cce113ebbfd0,2ec807f6409a
Wales,W10000007,W06000015,Cardiff,CARDI_dd9e6bbe5225,aa57cb7393b5
Wales,W10000007,W06000015,Cardiff,CARDI_a0fcad01ef19,a95b1b986af1
Wales,W10000007,W06000015,Cardiff,CARDI_e588e308359b,46acf521d74d
Wales,W10000007,W06000015,Cardiff,CARDI_b52ee3fd7a42,0621572ec85a
Wales,W10000007,W06000015,Cardiff,CARDI_a68f30a6ba10,1fffde2e57f1
Wales,W10000007,W06000015,Cardiff,CARDI_f70d1ff34d75,f54fb92e20d0
Wales,W10000007,W06000015,Cardiff,CARDI_29f8a0aed7a0,223bf8a265ce
Wales,W10000007,W06000015,Cardiff,CARDI_797db0558646,66027f80a7c3
Wales,W10000007,W06000015,Cardiff,CARDI_0c2633d02580,86465a8ef175
Wales,W10000007,W06000015,Cardiff,CARDI_be4dcde5c00f,54991bcca20e
Wales,W10000007,W06000015,Cardiff,CARDI_44298e7613ba,2b165bb06201
Wales,W10000007,W06000015,Cardiff,CARDI_89d51465763a,87b1c527475a
Wales,W10000007,W06000015,Cardiff,CARDI_ec122fc8fd81,76fe21b3c8a1
Wales,W10000007,W06000015,Cardiff,CARDI_4034c96b9f0d,72c849e6d556
Wales,W10000007,W06000015,Cardiff,CARDI_5b654b7cbe31,e4b61f5a4e2d
Wales,W10000007,W06000015,Cardiff,CARDI_5296dc21d623,6278e592bcc7
Wales,W10000007,W06000015,Cardiff,CARDI_d5c2aa6793a2,5008f6829b9b
Wales,W10000007,W06000015,Cardiff,CARDI_ef9d8ab6a423,8b3b88ff7bb0
Wales,W10000007,W06000015,Cardiff,CARDI_f65bc14d10d6,8faf7a16c52f
Wales,W10000007,W06000015,Cardiff,CARDI_8f6409a03fd3,157d47e67ef2
Wales,W10000007,W06000015,Cardiff,CARDI_d85173a00463,9080c3867219
Wales,W10000007,W06000015,Cardiff,CARDI_4accbaf0a0d6,04a6b8f2490f
Wales,W10000007,W06000015,Cardiff,CARDI_88edd8cc574a,e3c0c3aed098
Wales,W10000007,W06000015,Cardiff,CARDI_aa1fc43579fa,b460f7b3a4a4
Wales,W10000007,W06000015,Cardiff,CARDI_fe36fe1926e3,fbd73e195fbb
Wales,W10000007,W06000015,Cardiff,CARDI_6a87923dfcb9,9282cabe7299
Wales,W10000007,W06000015,Cardiff,CARDI_d7b29c08c4db,05e7e498fedc
Wales,W10000007,W06000015,Cardiff,CARDI_75a1f6ab1964,4dc7abf877d6
Wales,W10000007,W06000015,Cardiff,CARDI_6a3ca7fb1f6b,d6958e32dc87
Wales,W10000007,W06000015,Cardiff,CARDI_ae22d8606dd6,132a58922e2c
Wales,W10000007,W06000015,Cardiff,CARDI_a6b125470088,b688ca664d6e
Wales,W10000007,W06000015,Cardiff,CARDI_ec7544c78df7,bf6395b7859e
Wales,W10000007,W06000015,Cardiff,CARDI_191b9af6ef81,19c38aa2cc25
Wales,W10000007,W06000015,Cardiff,CARDI_50b11bd73325,acc23d15d61c
Wales,W10000007,W06000015,Cardiff,CARDI_9fb9a383b0c8,7b9b8ed6eeb0
Wales,W10000007,W06000015,Cardiff,CARDI_58d66b025d49,473a2166f55b
Wales,W10000007,W06000015,Cardiff,CARDI_27cf4d614284,a0e07d27e04d
Wales,W10000007,W06000015,Cardiff,CARDI_8d673a6e8a11,f41ef168d9ef
Wales,W10000007,W06000015,Cardiff,CARDI_76562e44620c,c6684aebfece
Wales,W10000007,W06000015,Cardiff,CARDI_1c517bb75e2d,63759f90ed61
Wales,W10000007,W06000015,Cardiff,CARDI_9b9d914aa614,577ef011c26b
Wales,W10000007,W06000015,Cardiff,CARDI_d01224826ece,15a1a728ccb8
Wales,W10000007,W06000015,Cardiff,CARDI_6d004f7ba37d,dca9aacda3fa
Wales,W10000007,W06000015,Cardiff,CARDI_a9fd86bff5fe,deef5655402d
Wales,W10000007,W06000015,Cardiff,CARDI_e751c1428f0f,5b4caa6178fc
Wales,W10000007,W06000015,Cardiff,CARDI_82cb464ca5ce,69d26c169232
Wales,W10000007,W06000015,Cardiff,CARDI_f482e8f3731c,767645ca0b5e
Wales,W10000007,W06000015,Cardiff,CARDI_ca4818c418f7,487f36185070
Wales,W10000007,W06000015,Cardiff,CARDI_f18f3b52d357,5ca8770f1972
Wales,W10000007,W06000015,Cardiff,CARDI_7ae5bf861083,a35b08f60a0a
Wales,W10000007,W06000015,Cardiff,CARDI_458efbaeeaa9,8167a75ab170
Wales,W10000007,W06000015,Cardiff,CARDI_7e073c5afa0a,0c1e1d44854c
Wales,W10000007,W06000015,Cardiff,CARDI_8634d83c3b67,d261a8185511
Wales,W10000007,W06000015,Cardiff,CARDI_80e6cd6f55d3,2879d95d77b0
Wales,W10000007,W06000015,Cardiff,CARDI_5e95258860ee,aa0a5b06fc99
Wales,W10000007,W06000015,Cardiff,CARDI_29881b553205,4007f2cd81c3
Wales,W10000007,W06000015,Cardiff,CARDI_46373770e693,9d1c771c62d5
Wales,W10000007,W06000015,Cardiff,CARDI_49f165fef629,10506c4b6a2a
Wales,W10000007,W06000015,Cardiff,CARDI_4af7da3e544a,f2e23759da56
Wales,W10000007,W06000015,Cardiff,CARDI_5f7e780149e4,35088f5607f0
Wales,W10000007,W06000015,Cardiff,CARDI_7f03856184c9,69d4ac30880e
Wales,W10000007,W06000015,Cardiff,CARDI_a44dc9c557d6,12ac9aa5e420
Wales,W10000007,W06000015,Cardiff,CARDI_e9d7767a890d,ad89889f5313
Wales,W10000007,W06000015,Cardiff,CARDI_7ef2f817e401,716889ad2429
Wales,W10000007,W06000015,Cardiff,CARDI_f27e63aa3bc2,26fba35872a1
Wales,W10000007,W06000015,Cardiff,CARDI_d3c231e393b3,467efa2f42d5
Wales,W10000007,W06000015,Cardiff,CARDI_6b7fad0cfa79,9564cabb0190
Wales,W10000007,W06000015,Cardiff,CARDI_43e598eadd52,99ec6630c220
Wales,W10000007,W06000015,Cardiff,CARDI_9cbe6314e80f,4734110178d2
Wales,W10000007,W06000015,Cardiff,CARDI_752cc2f587fb,b41115cc16a8
Wales,W10000007,W06000015,Cardiff,CARDI_cd1944f0fd3d,f3d71e564773
Wales,W10000007,W06000015,Cardiff,CARDI_a3e2dc86b3c0,92211d6d06ee
Wales,W10000007,W06000015,Cardiff,CARDI_e9e691bebe0d,e096a3c39d0e
Wales,W10000007,W06000015,Cardiff,CARDI_c3ffafbfacb4,0cab7c0bb41c
Wales,W10000007,W06000015,Cardiff,CARDI_6fd6b2632dca,141fee850c9c
Wales,W10000007,W06000015,Cardiff,CARDI_9bbb04687152,0d079ecf09d6
Wales,W10000007,W06000015,Cardiff,CARDI_fefdca5bc591,302d38d937c4
Wales,W10000007,W06000015,Cardiff,CARDI_cdcc4000ef5f,b74f8ade972a
Wales,W10000007,W06000015,Cardiff,CARDI_abf65dfc8bbf,4ca5e6d61a56
Wales,W10000007,W06000015,Cardiff,CARDI_46cdc8ff4f69,ab7773806bae
Wales,W10000007,W06000015,Cardiff,CARDI_d9d3fffe0fdb,aff90c6b03ce
Wales,W10000007,W06000015,Cardiff,CARDI_4768d280aa43,ca85f036c4bc
Wales,W10000007,W06000015,Cardiff,CARDI_d494904d9900,05c265891cd7
Wales,W10000007,W06000015,Cardiff,CARDI_94a60b1c9366,211cc136cbce
Wales,W10000007,W06000015,Cardiff,CARDI_5a340caa269d,030248b72be3
Wales,W10000007,W06000015,Cardiff,CARDI_a998934c1dbd,2f1e7a5ef468
Wales,W10000007,W06000015,Cardiff,CARDI_fd38f8ec3ff6,8c2476a8c30a
Wales,W10000007,W06000015,Cardiff,CARDI_46db959a3ea9,c4b03df7e515
Wales,W10000007,W06000015,Cardiff,CARDI_025f52474c7b,ff5c585cd4ec
Wales,W10000007,W06000015,Cardiff,CARDI_045643e98046,63dcbd880ae5
Wales,W10000007,W06000015,Cardiff,CARDI_c9ce44177a64,1f082c8d1490
Wales,W10000007,W06000015,Cardiff,CARDI_850913353b07,5f75efc45029
Wales,W10000007,W06000015,Cardiff,CARDI_7bed47d18a09,c541352bd434
Wales,W10000007,W06000015,Cardiff,CARDI_5d758955927c,edb2851ecaf0
Wales,W10000007,W06000015,Cardiff,CARDI_bed76a98dd6f,5c015895a669
Wales,W10000007,W06000015,Cardiff,CARDI_960b67f587e4,57dec6b3b67a
Wales,W10000007,W06000015,Cardiff,CARDI_c8b11ed42de2,18e0214fed00
Wales,W10000007,W06000015,Cardiff,CARDI_929715498b5b,dfd6f608d3fb
Wales,W10000007,W06000015,Cardiff,CARDI_c4b5607f0286,3cdb3d0fa312
Wales,W10000007,W06000015,Cardiff,CARDI_77a86a09b54d,413eb99e962d
Wales,W10000007,W06000015,Cardiff,CARDI_4b3fed176cb3,70730d17947b
Wales,W10000007,W06000015,Cardiff,CARDI_e2ddfe930cdc,d828bdc5ea52
Wales,W10000007,W06000015,Cardiff,CARDI_fca3ea02a434,f8cd84caa651
Wales,W10000007,W06000015,Cardiff,CARDI_dc581e5cbf3d,bccc1a61d178
Wales,W10000007,W06000015,Cardiff,CARDI_ac414f1c40e1,06cf11eedddf
Wales,W10000007,W06000015,Cardiff,CARDI_4ac63d60327e,edee6065e89a
Wales,W10000007,W06000015,Cardiff,CARDI_d4313169d7fa,becfc6af6939
Wales,W10000007,W06000015,Cardiff,CARDI_2024174c74c8,0436bc0c9e8d
Wales,W10000007,W06000015,Cardiff,CARDI_f65f1039faa6,b442080b40d4
Wales,W10000007,W06000015,Cardiff,CARDI_60b35f77aec2,32bcdf6593e8
Wales,W10000007,W06000015,Cardiff,CARDI_79a6a8370878,5da4954454d0
Wales,W10000007,W06000015,Cardiff,CARDI_078b22b6df88,16d850e54c4b
Wales,W10000007,W06000015,Cardiff,CARDI_3eb34266bd60,df4878b198ab
Wales,W10000007,W06000015,Cardiff,CARDI_731268e704d8,43b9a0d6d9db
Wales,W10000007,W06000015,Cardiff,CARDI_b01dfef8c8f6,876c4d1c3e9f
Wales,W10000007,W06000015,Cardiff,CARDI_a2a56e264fbb,aea666d0dc23
Wales,W10000007,W06000015,Cardiff,CARDI_eb85ca61511d,767a1495148b
Wales,W10000007,W06000015,Cardiff,CARDI_f515428bd6b5,04bb1bc05649
Wales,W10000007,W06000015,Cardiff,CARDI_773d96a1e57d,d96c5689d88f
Wales,W10000007,W06000015,Cardiff,CARDI_a256c35a60f7,23fded1fe6bb
Wales,W10000007,W06000015,Cardiff,CARDI_4ae03ccc73bb,689c8d3c93e0
Wales,W10000007,W06000015,Cardiff,CARDI_3e6efc679bc7,b003e7673915
Wales,W10000007,W06000015,Cardiff,CARDI_92188bb893e7,06c76ba06fd8
Wales,W10000007,W06000015,Cardiff,CARDI_4cf04130692e,771e8c0e5559
Wales,W10000007,W06000015,Cardiff,CARDI_890404646bd5,a44dd8888a54
Wales,W10000007,W06000015,Cardiff,CARDI_ef110e005de8,b84a5b89cba2
Wales,W10000007,W06000015,Cardiff,CARDI_756cc2ecc847,ac6fbaf422be
Wales,W10000007,W06000015,Cardiff,CARDI_35883bb099d5,726b156868c9
Wales,W10000007,W06000015,Cardiff,CARDI_495d9a654211,a533fa50adc9
Wales,W10000007,W06000015,Cardiff,CARDI_26209c33a820,aa5126ceb5c3
Wales,W10000007,W06000015,Cardiff,CARDI_57777e10b234,a1793978d1f2
Wales,W10000007,W06000015,Cardiff,CARDI_33b2ddfffe79,76e2828f740b
Wales,W10000007,W06000015,Cardiff,CARDI_ca1076a6aa61,d439b526e7de
Wales,W10000007,W06000015,Cardiff,CARDI_3ca649ea6032,5a6cda8ddda3
Wales,W10000007,W06000015,Cardiff,CARDI_7d91542ef0bc,4f0276e71fb0
Wales,W10000007,W06000015,Cardiff,CARDI_ca8b8893c480,1ed17b52a466
Wales,W10000007,W06000015,Cardiff,CARDI_6f1259e80863,8d1ed77e44df
Wales,W10000007,W06000015,Cardiff,CARDI_79e593e4b354,75c4cce7bb0b
Wales,W10000007,W06000015,Cardiff,CARDI_195fcc34bfbf,a8c3aa9891d3
Wales,W10000007,W06000015,Cardiff,CARDI_c56646b5833e,705c5bd5e93f
Wales,W10000007,W06000015,Cardiff,CARDI_090217f77bd5,6dc116f9b73b
Wales,W10000007,W06000015,Cardiff,CARDI_4815e9012f75,6dc9c8da6ed4
Wales,W10000007,W06000015,Cardiff,CARDI_0e6dd0cc2442;CARDI_d65f7c2b6735;CARDI_088631396bd0;CARDI_963711e010ee;CARDI_fba4000bd266;CARDI_e571fbd6f5f4;CARDI_52e2acce7435;CARDI_67494e8264ff;CARDI_8619c579312d,d8a83e0c2d5d
Wales,W10000007,W06000015,Cardiff,CARDI_498f21225b2b,947c5a6a668e
Wales,W10000007,W06000015,Cardiff,CARDI_abea768c3448,8ca78ca639ba
Wales,W10000007,W06000015,Cardiff,CARDI_5d7c6815b69c,b973eb1326e7
Wales,W10000007,W06000015,Cardiff,CARDI_7af28472e63e,f4b49c4b40cf
Wales,W10000007,W06000015,Cardiff,CARDI_6881cc9a3765,23b30a1de954
Wales,W10000007,W06000015,Cardiff,CARDI_69852aa23c3f,2da9225fb2b8
Wales,W10000007,W06000015,Cardiff,CARDI_1beea72fecd9,4e5323111880
Wales,W10000007,W06000015,Cardiff,CARDI_803e38264aa9,ba617cd0bf6c
Wales,W10000007,W06000015,Cardiff,CARDI_a022a63e0acb,4625b6e3bcca
Wales,W10000007,W06000015,Cardiff,CARDI_d28855dc991f,d93fd89bfa3e
Wales,W10000007,W06000015,Cardiff,CARDI_fd7dc881653d,2fc709b262bf
Wales,W10000007,W06000015,Cardiff,CARDI_e95baebac6dc,9ab4eb207cde
Wales,W10000007,W06000015,Cardiff,CARDI_8af9c6d9406e,02ec8e0bab54
Wales,W10000007,W06000015,Cardiff,CARDI_b03da16682ed,966d02595326
Wales,W10000007,W06000015,Cardiff,CARDI_4bbf5ad7d58f,28bc20642208
Wales,W10000007,W06000015,Cardiff,CARDI_a58e401b7954,9590b1031fdd
Wales,W10000007,W06000015,Cardiff,CARDI_daae505cdc3f,f63b068d79fb
Wales,W10000007,W06000015,Cardiff,CARDI_9cf870178939,11814a6f7588
Wales,W10000007,W06000015,Cardiff,CARDI_2ec6d8eed411,5d41be785fd9
Wales,W10000007,W06000015,Cardiff,CARDI_c22e12238326,5edc08301025
Wales,W10000007,W06000015,Cardiff,CARDI_b33d622c1d96,3ec871e345f5
Wales,W10000007,W06000015,Cardiff,CARDI_d28c9e862158,7c710f6faa8c
Wales,W10000007,W06000015,Cardiff,CARDI_63035258d2d8,b051d57fa736
Wales,W10000007,W06000015,Cardiff,CARDI_ce9dbcd5ea32,a3e47f5fa9a6
Wales,W10000007,W06000015,Cardiff,CARDI_33aefe662330,aaef1f121f08
Wales,W10000007,W06000015,Cardiff,CARDI_7074a89da41d,7e5f778efd47
Wales,W10000007,W06000015,Cardiff,CARDI_a88fa04c05b1,d47daced3a48
Wales,W10000007,W06000015,Cardiff,CARDI_789f620ee095,a74406e4f1e9
Wales,W10000007,W06000015,Cardiff,CARDI_daebe57dcae4,944d9b34a24a
Wales,W10000007,W06000015,Cardiff,CARDI_bfda1dedb378,cafb9723d507
Wales,W10000007,W06000015,Cardiff,CARDI_d440856c96c6,cc8009de6a4c
Wales,W10000007,W06000015,Cardiff,CARDI_580186b2d59a,0705b3bfe4cc
Wales,W10000007,W06000015,Cardiff,CARDI_e33d5e0efbfe,657de3f615be
Wales,W10000007,W06000015,Cardiff,CARDI_e6ad7dc09300,526a235643fb
Wales,W10000007,W06000015,Cardiff,CARDI_3cae1f0b037d,220571984fc3
Wales,W10000007,W06000015,Cardiff,CARDI_38b9f0e7818a,4e0c7d28cbbf
Wales,W10000007,W06000015,Cardiff,CARDI_bee61097012b,55a959f36d5b
Wales,W10000007,W06000015,Cardiff,CARDI_1c48b290b710,29a96539a662
Wales,W10000007,W06000015,Cardiff,CARDI_da401168aad6,d18ec86f45f2
Wales,W10000007,W06000015,Cardiff,CARDI_a4491d4ef2aa,1d2f0e1c2aa8
Wales,W10000007,W06000015,Cardiff,CARDI_eb276cb077f3,dcad2ce8d11b
Wales,W10000007,W06000015,Cardiff,CARDI_dde1c7db88fc,0eda40a4d979
Wales,W10000007,W06000015,Cardiff,CARDI_93a12572d7ee,8d8bf2346c07
Wales,W10000007,W06000015,Cardiff,CARDI_2b682214624a,0bd399c2be01
Wales,W10000007,W06000015,Cardiff,CARDI_d684acc78f13,fec0789c5df3
Wales,W10000007,W06000015,Cardiff,CARDI_791599b0947c,d790781d5a03
Wales,W10000007,W06000015,Cardiff,CARDI_5349b59490bd,ba4f9662228a
Wales,W10000007,W06000015,Cardiff,CARDI_90f1e473c078,a5c6656cb4c3
Wales,W10000007,W06000015,Cardiff,CARDI_fd015ad062e6,3056b80e1216
Wales,W10000007,W06000015,Cardiff,CARDI_6c8b8e3ae7d5,fbc3db712f93
Wales,W10000007,W06000015,Cardiff,CARDI_0c89692c69e5,239abceff400
Wales,W10000007,W06000015,Cardiff,CARDI_ed19de135bd2,f1987b31f88c
Wales,W10000007,W06000015,Cardiff,CARDI_cc52dd17e9f0,7afb6e4edecf
Wales,W10000007,W06000015,Cardiff,CARDI_4ad4e1d49283,a4b29f25b08d
Wales,W10000007,W06000015,Cardiff,CARDI_f0de1600c28c,4f21fbf48c28
Wales,W10000007,W06000015,Cardiff,CARDI_5611b1722950,d56e3500cb3d
Wales,W10000007,W06000015,Cardiff,CARDI_f19efcf89d46,a56e2ff66bbd
Wales,W10000007,W06000015,Cardiff,CARDI_790fe849ab78,df4f468310b5
Wales,W10000007,W06000015,Cardiff,CARDI_056688aadd0d,8824a8d08fad
Wales,W10000007,W06000015,Cardiff,CARDI_be3c1ac891a7,03c24030d613
Wales,W10000007,W06000015,Cardiff,CARDI_62503b382a99,ca18a101223a
Wales,W10000007,W06000015,Cardiff,CARDI_f096b5a5c8ac,a2fce9e17c04
Wales,W10000007,W06000015,Cardiff,CARDI_b224459e7832,d79718cd09e0
Wales,W10000007,W06000015,Cardiff,CARDI_c120aef191fa,31d37564605b
Wales,W10000007,W06000015,Cardiff,CARDI_83cf4e3f8a88,f030ac3d592c
Wales,W10000007,W06000015,Cardiff,CARDI_c3ae1075ccbc,a8716ecdad6b
Wales,W10000007,W06000015,Cardiff,CARDI_a9280565468d,77b28e1637f8
Wales,W10000007,W06000015,Cardiff,CARDI_960aa57a7a60,a925665d7033
Wales,W10000007,W06000015,Cardiff,CARDI_08bb6c7df85a,21d4482a1d7c
Wales,W10000007,W06000015,Cardiff,CARDI_c398d7eff4fd,39dff7eb615b
Wales,W10000007,W06000015,Cardiff,CARDI_342999b82a3b,b262e792a210
Wales,W10000007,W06000015,Cardiff,CARDI_9c71d44c68ab,f27dfa000935
Wales,W10000007,W06000015,Cardiff,CARDI_aa8c8fa968d5,69fc2fc522ba
Wales,W10000007,W06000015,Cardiff,CARDI_4964924a2c1e,baa35f6bc55a
Wales,W10000007,W06000015,Cardiff,CARDI_c0515f235958,d98b697b8240
Wales,W10000007,W06000015,Cardiff,CARDI_2f67f1a05638,339875ca19f6
Wales,W10000007,W06000015,Cardiff,CARDI_cd2bce140b31,bc74df509fa2
Wales,W10000007,W06000015,Cardiff,CARDI_0caa2cdc68a4,019eb5c74ab2
Wales,W10000007,W06000015,Cardiff,CARDI_23f833b9431d,4e86a440c221
Wales,W10000007,W06000015,Cardiff,CARDI_10ab9388cfba,f7e70724b54d
Wales,W10000007,W06000015,Cardiff,CARDI_a4b2652fdf34,c8dbc19544ea
Wales,W10000007,W06000015,Cardiff,CARDI_7506c7b45c0f,75cac6570743
Wales,W10000007,W06000015,Cardiff,CARDI_621c99941528,e8f2127022ae
Wales,W10000007,W06000015,Cardiff,CARDI_fa92fb65bc4d,5778f9d6432f
Wales,W10000007,W06000015,Cardiff,CARDI_5b78eab0182b,d460b5becc1a
Wales,W10000007,W06000015,Cardiff,CARDI_706d5cedac48,a909f5cd3e43
Wales,W10000007,W06000015,Cardiff,CARDI_470475cfa047,9f92f9cd4091
Wales,W10000007,W06000015,Cardiff,CARDI_edd1ea1c03f4,4f0100e1a389
Wales,W10000007,W06000015,Cardiff,CARDI_7f241f28163c,41475ad581f0
Wales,W10000007,W06000015,Cardiff,CARDI_59f22f7f3f94,c048febaf9b2
Wales,W10000007,W06000015,Cardiff,CARDI_c3c64ba1cd9d,7bebb4691ed6
Wales,W10000007,W06000015,Cardiff,CARDI_fb3d2b147aea,aa20a563bf30
Wales,W10000007,W06000015,Cardiff,CARDI_34b5a87b0ac3,d331d3cb8f7d
Wales,W10000007,W06000015,Cardiff,CARDI_2dc275bfd03f,69a043553dfb
Wales,W10000007,W06000015,Cardiff,CARDI_df66882457b4,7b4a5005cd1e
Wales,W10000007,W06000015,Cardiff,CARDI_1358036541e2,92aed8d8a72f
Wales,W10000007,W06000015,Cardiff,CARDI_d5a137b712a7,331fdffcdd43
Wales,W10000007,W06000015,Cardiff,CARDI_887b4c66482a,71e6a337a9b2
Wales,W10000007,W06000015,Cardiff,CARDI_8913a40eeed8,ccbf202415f2
Wales,W10000007,W06000015,Cardiff,CARDI_33806d5a5540,928c230ed7ed
Wales,W10000007,W06000015,Cardiff,CARDI_7648e0ba4757,0bbbefb48fd2
Wales,W10000007,W06000015,Cardiff,CARDI_a087f1c17f10,44eb4d4c63fa
Wales,W10000007,W06000015,Cardiff,CARDI_645dd5fdaabd,48e070341568
Wales,W10000007,W06000015,Cardiff,CARDI_7513355b7980,70ce34719e0c
Wales,W10000007,W06000015,Cardiff,CARDI_f77ecb63d9a8,64d1581079ed
Wales,W10000007,W06000015,Cardiff,CARDI_22e03ef0c658,2497d13dc47c
Wales,W10000007,W06000015,Cardiff,CARDI_ca5966c54204,b81e742b9ecb
Wales,W10000007,W06000015,Cardiff,CARDI_bd057162616f,59999eceac7e
Wales,W10000007,W06000015,Cardiff,CARDI_d78ddde0d2b7,7528ee076277
Wales,W10000007,W06000015,Cardiff,CARDI_4c12975b40da,97c1b40fd2a7
Wales,W10000007,W06000015,Cardiff,CARDI_d09227a68bff,93dcf58146b8
Wales,W10000007,W06000015,Cardiff,CARDI_f96dde6bb4dc,4c8690235b43
Wales,W10000007,W06000015,Cardiff,CARDI_1a4d485eb13d,79b049d93dcf
Wales,W10000007,W06000015,Cardiff,CARDI_19b73eed6585,826cec98c2b9
Wales,W10000007,W06000015,Cardiff,CARDI_a86394e40c61,94ab7ef910bf
Wales,W10000007,W06000015,Cardiff,CARDI_4e1c32346143,611081f80265
Wales,W10000007,W06000015,Cardiff,CARDI_a6a4305aea85,52eda1e598ea
Wales,W10000007,W06000015,Cardiff,CARDI_5f6b88d765ec,e5e01f5eb927
Wales,W10000007,W06000015,Cardiff,CARDI_2b5e61d548fd,5d6d92654920
Wales,W10000007,W06000015,Cardiff,CARDI_5f543233a353,dfd4a5002fea
Wales,W10000007,W06000015,Cardiff,CARDI_6be6fe17c92a,367e90d5d4b8
Wales,W10000007,W06000015,Cardiff,CARDI_b22d2e82c2e5,24c6138192ec
Wales,W10000007,W06000015,Cardiff,CARDI_32ef26a09580,e683955c4f89
Wales,W10000007,W06000015,Cardiff,CARDI_c45739e7f2d7,faaa6cf6434c
Wales,W10000007,W06000015,Cardiff,CARDI_e9fedc9cbb34,aba764a5a197
Wales,W10000007,W06000015,Cardiff,CARDI_1afec0092e39,b244ed26e8b3
Wales,W10000007,W06000015,Cardiff,CARDI_5e9e524c2d16,553beadb58cd
Wales,W10000007,W06000015,Cardiff,CARDI_4c773946472d,c7548d94caed
Wales,W10000007,W06000015,Cardiff,CARDI_3a94d7930288,408b5aac328e
Wales,W10000007,W06000015,Cardiff,CARDI_6cbd72ebae0f,3d9ef4d70b39
Wales,W10000007,W06000015,Cardiff,CARDI_a2190ec7edf9,07056202824e
Wales,W10000007,W06000015,Cardiff,CARDI_8a5d7bb61e4d,5c2e25173950
Wales,W10000007,W06000015,Cardiff,CARDI_34294c94a77a,b2c3258322c1
Wales,W10000007,W06000015,Cardiff,CARDI_fbe4a6896f33,6caf94ac54f6
Wales,W10000007,W06000015,Cardiff,CARDI_2975fd2ae20a,8a2407a74f66
Wales,W10000007,W06000015,Cardiff,CARDI_0a2fef2b95e1,01cfca760344
Wales,W10000007,W06000015,Cardiff,CARDI_ad14f6aa0169,c8506eed9633
Wales,W10000007,W06000015,Cardiff,CARDI_c92440d59c0b,063f0bdfa138
Wales,W10000007,W06000015,Cardiff,CARDI_7631c4179d52,10e8b6055d8b
Wales,W10000007,W06000015,Cardiff,CARDI_2dd14f931b62,dfb551742d44
Wales,W10000007,W06000015,Cardiff,CARDI_71ec279125a6,7d7b3824811b
Wales,W10000007,W06000015,Cardiff,CARDI_a9ce77f33623,84e3067f9d8a
Wales,W10000007,W06000015,Cardiff,CARDI_5d9e89dba98d,8ed42c33f9f5
Wales,W10000007,W06000015,Cardiff,CARDI_be78434031c9,086f95c3f34c
Wales,W10000007,W06000015,Cardiff,CARDI_9fc9b74b5566,da34b9945f90
Wales,W10000007,W06000015,Cardiff,CARDI_ddefccafafcc,68dd1a1e45cc
Wales,W10000007,W06000015,Cardiff,CARDI_ee78cb166368,2288a6b75339
Wales,W10000007,W06000015,Cardiff,CARDI_ce3fa5a74242,91a3bde12f6b
Wales,W10000007,W06000015,Cardiff,CARDI_e0887fbd7c3e,c3d6975b228d
Wales,W10000007,W06000015,Cardiff,CARDI_a89a9d098c5a,57d72847f906
Wales,W10000007,W06000015,Cardiff,CARDI_8a6b57b07c2c,a43d3eb6132f
Wales,W10000007,W06000015,Cardiff,CARDI_48dce458f9e7,95f57fc59d5b
Wales,W10000007,W06000015,Cardiff,CARDI_d7d04e9057eb,e152c00869d2
Wales,W10000007,W06000015,Cardiff,CARDI_9901f259c499,921704814156
Wales,W10000007,W06000015,Cardiff,CARDI_cb958785fa19,bd1678959f1b
Wales,W10000007,W06000015,Cardiff,CARDI_8acc20729301,79f0728884e4
Wales,W10000007,W06000015,Cardiff,CARDI_77a7f1bae573,fae53d866faa
Wales,W10000007,W06000015,Cardiff,CARDI_87885b0c5737,ee619f7d26b7
Wales,W10000007,W06000015,Cardiff,CARDI_6db3cb61f9d3,9da97b36a0f2
Wales,W10000007,W06000015,Cardiff,CARDI_46d72ac142a8,059d6912519f
Wales,W10000007,W06000015,Cardiff,CARDI_43ddcaf761bb,0306e48d5363
Wales,W10000007,W06000015,Cardiff,CARDI_67733c20558f,d9012aa054fd
Wales,W10000007,W06000015,Cardiff,CARDI_3b00e170562e,d41a5948408a
Wales,W10000007,W06000015,Cardiff,CARDI_0d1cb0b27355,7ea87dcb0ef4
Wales,W10000007,W06000015,Cardiff,CARDI_81d3a04051a0,d3ac7f6695d5
Wales,W10000007,W06000015,Cardiff,CARDI_827e76567494,8c96c4e896fa
Wales,W10000007,W06000015,Cardiff,CARDI_1fbf9a61fdd0,e787187b2274
Wales,W10000007,W06000015,Cardiff,CARDI_d13bd8984c4d,2f4ad044749d
Wales,W10000007,W06000015,Cardiff,CARDI_2ddc0748e1a8,521e875ae75d
Wales,W10000007,W06000015,Cardiff,CARDI_1bf791ea77f0,ff6b275565a1
Wales,W10000007,W06000015,Cardiff,CARDI_ef8828a277b8,757364202924
Wales,W10000007,W06000015,Cardiff,CARDI_22185b463a59,adf8654d2670
Wales,W10000007,W06000015,Cardiff,CARDI_9fe8c5fbe6e1,01b9ef153d72
Wales,W10000007,W06000015,Cardiff,CARDI_113916839eb9,b93300dcdeb9
Wales,W10000007,W06000015,Cardiff,CARDI_6213a1a5ad0f,bafabe130368
Wales,W10000007,W06000015,Cardiff,CARDI_88663098e582,63d8bc512178
Wales,W10000007,W06000015,Cardiff,CARDI_004c3b0f3e1d,4e2465acffaa
Wales,W10000007,W06000015,Cardiff,CARDI_1443afb6cb7d,41b0097e9af8
Wales,W10000007,W06000015,Cardiff,CARDI_48830054749b,b82cd691020d
Wales,W10000007,W06000015,Cardiff,CARDI_b0a979bd1433,d9b566c0e631
Wales,W10000007,W06000015,Cardiff,CARDI_61637a26c34e,441a6ffab233
Wales,W10000007,W06000015,Cardiff,CARDI_233b36bc5fe7,1d2baa5008bb
Wales,W10000007,W06000015,Cardiff,CARDI_65d43aea7d69,c7be0d1fa69a
Wales,W10000007,W06000015,Cardiff,CARDI_ec61714bc31e,1de2645d32a8
Wales,W10000007,W06000015,Cardiff,CARDI_12dfe70945d8,98eac9bbfb70
Wales,W10000007,W06000015,Cardiff,CARDI_b61cec84ea31,bcdb232af043
Wales,W10000007,W06000015,Cardiff,CARDI_2fe5de311e00,cda6f08c808f
Wales,W10000007,W06000015,Cardiff,CARDI_662b24c4fc16,7b0eb5d7be72
Wales,W10000007,W06000015,Cardiff,CARDI_41e18e7abfc9,3661c76e5ca3
Wales,W10000007,W06000015,Cardiff,CARDI_ae08bcd57d8a,f5159b9fe7e9
Wales,W10000007,W06000015,Cardiff,CARDI_4e95eeb50c97,40bdd5771a87
Wales,W10000007,W06000015,Cardiff,CARDI_f7a665cfb50a,1809ed4164fb
Wales,W10000007,W06000015,Cardiff,CARDI_7efba24dc39e,94487a55db53
Wales,W10000007,W06000015,Cardiff,CARDI_cdf7f45b8e94,628ef6f6e984
Wales,W10000007,W06000015,Cardiff,CARDI_51ed61e42708,05563a5aeb24
Wales,W10000007,W06000015,Cardiff,CARDI_2ce7e3f1b103,7c4b8808eba1
Wales,W10000007,W06000015,Cardiff,CARDI_087c7e96eb07,eed0bd22dea1
Wales,W10000007,W06000015,Cardiff,CARDI_25661fcb4a82,27ee174e0f76
Wales,W10000007,W06000015,Cardiff,CARDI_0c2d7d7c7d01,c3fe28c762e6
Wales,W10000007,W06000015,Cardiff,CARDI_c7cd3b670277,18f871061265
Wales,W10000007,W06000015,Cardiff,CARDI_3bd0b42b590b,528f50fe01d2
Wales,W10000007,W06000015,Cardiff,CARDI_cd0384bb9916,3aba7fb49d81
Wales,W10000007,W06000015,Cardiff,CARDI_332599786800,4702ec1805ff
Wales,W10000007,W06000015,Cardiff,CARDI_02a7b4bbf33c,d172f7b0f07a
Wales,W10000007,W06000015,Cardiff,CARDI_34307e4b51d7,97d15d94c835
Wales,W10000007,W06000015,Cardiff,CARDI_cf2bb4f4c7c6,17ce1da744bc
Wales,W10000007,W06000015,Cardiff,CARDI_4a01b01c16cc,b75c2b745441
Wales,W10000007,W06000015,Cardiff,CARDI_6ac9e13e910e,f1bb61f32b38
Wales,W10000007,W06000015,Cardiff,CARDI_90c660ad0c8c,9ab41fcae534
Wales,W10000007,W06000015,Cardiff,CARDI_b775b78cb3fe,ad0a4fdb160b
Wales,W10000007,W06000015,Cardiff,CARDI_cb66baecb850,4ddc352f9151
Wales,W10000007,W06000015,Cardiff,CARDI_e8318bf5d3ab,38b56adbef63
Wales,W10000007,W06000015,Cardiff,CARDI_031b6861ff43,b4da11900d2e
Wales,W10000007,W06000015,Cardiff,CARDI_6e6010e8c123,80c33beab09e
Wales,W10000007,W06000015,Cardiff,CARDI_ca22e78c6c29,087906143c6e
Wales,W10000007,W06000015,Cardiff,CARDI_2caba3e190c6,9ffc8773b8d3
Wales,W10000007,W06000015,Cardiff,CARDI_297f41b15457,f5d48879540a
Wales,W10000007,W06000015,Cardiff,CARDI_4688d77d8030,b9f24126c0c4
Wales,W10000007,W06000015,Cardiff,CARDI_8d4b4c7da95e,45e81d1a6e54
Wales,W10000007,W06000015,Cardiff,CARDI_9ed7128e0ce2,e5ccf1e62128
Wales,W10000007,W06000015,Cardiff,CARDI_1bd29bf93552,346adf46312c
Wales,W10000007,W06000015,Cardiff,CARDI_d39821fc63c8,68bc4c14fecc
Wales,W10000007,W06000015,Cardiff,CARDI_f0702eb1b5d4,a712ed9f45f0
Wales,W10000007,W06000015,Cardiff,CARDI_6445f2ace7e0,687e6abb0daf
Wales,W10000007,W06000015,Cardiff,CARDI_541a67b6526f,a10576d48dde
Wales,W10000007,W06000015,Cardiff,CARDI_3e420ee78c4d,06fe31c51acb
Wales,W10000007,W06000015,Cardiff,CARDI_9d91c27cc71c,c198a5d4a8c2
Wales,W10000007,W06000015,Cardiff,CARDI_fd8194d03908,1723c01b4f0a
Wales,W10000007,W06000015,Cardiff,CARDI_a63874f9d2ed,9bb072253af9
Wales,W10000007,W06000015,Cardiff,CARDI_fba6282bfd8e,f56e9c7996b1
Wales,W10000007,W06000015,Cardiff,CARDI_84de3f8490ba,2a1bf307c1c7
Wales,W10000007,W06000015,Cardiff,CARDI_0e7708b45b71,cb5f4d053997
Wales,W10000007,W06000015,Cardiff,CARDI_fc010104f0d1,f8be39faa0c0
Wales,W10000007,W06000015,Cardiff,CARDI_881b286689f4,28e64cd73134
Wales,W10000007,W06000015,Cardiff,CARDI_400839e86a65,5cf88759763b
Wales,W10000007,W06000015,Cardiff,CARDI_30622a031a24,3a6d053372e0
Wales,W10000007,W06000015,Cardiff,CARDI_54965e1aa4e6,f2c5e61339e1
Wales,W10000007,W06000015,Cardiff,CARDI_835544049993,dab06043e68d
Wales,W10000007,W06000015,Cardiff,CARDI_21079c9955d2,1b90933f3211
Wales,W10000007,W06000015,Cardiff,CARDI_db3b4bc69a87,f699625c8308
Wales,W10000007,W06000015,Cardiff,CARDI_d8c8862dbc8f,226bb9d4c578
Wales,W10000007,W06000015,Cardiff,CARDI_b98bde2534d8,71931f1ad0fd
Wales,W10000007,W06000015,Cardiff,CARDI_a966e0d1d925,926afa027d5b
Wales,W10000007,W06000015,Cardiff,CARDI_a8e33d9c092a,9aa898ec5acf
Wales,W10000007,W06000015,Cardiff,CARDI_c9c6e1b46fe5,b97720879695
Wales,W10000007,W06000015,Cardiff,CARDI_ed3bfa2d307c,d57aa79fc7b1
Wales,W10000007,W06000015,Cardiff,CARDI_a879b9e8b4cd,8c14731f347b
Wales,W10000007,W06000015,Cardiff,CARDI_a6e620365257,2c3688da57f7
Wales,W10000007,W06000015,Cardiff,CARDI_87390ce5de31,69388d8be064
Wales,W10000007,W06000015,Cardiff,CARDI_ff9c46010a39,418ae3f6e119
Wales,W10000007,W06000015,Cardiff,CARDI_079015a53f39,2d1132bb62f0
Wales,W10000007,W06000015,Cardiff,CARDI_ced577eed9ae,2f4c5fc7a2fe
Wales,W10000007,W06000015,Cardiff,CARDI_61a234be9c99,740d6fd3c2f0
Wales,W10000007,W06000015,Cardiff,CARDI_f6a139b0541b,a78d6c050409
Wales,W10000007,W06000015,Cardiff,CARDI_0972e987f809,1c5ae82b428d
Wales,W10000007,W06000015,Cardiff,CARDI_ea05fc2583f7,9ba8fe237bd6
Wales,W10000007,W06000015,Cardiff,CARDI_47e0a4051812,849d5f24e903
Wales,W10000007,W06000015,Cardiff,CARDI_c1e0923f09fb,95977a37d768
Wales,W10000007,W06000015,Cardiff,CARDI_a4414031bf30,c60b57f6e771
Wales,W10000007,W06000015,Cardiff,CARDI_2d16e0f1d5d2,98a685342e10
Wales,W10000007,W06000015,Cardiff,CARDI_ff84ed940231,2097425d4373
Wales,W10000007,W06000015,Cardiff,CARDI_0dbf7b92aedf,e603fcdee86b
Wales,W10000007,W06000015,Cardiff,CARDI_59e81d5332c5,83542cd52caf
Wales,W10000007,W06000015,Cardiff,CARDI_e788c739b690,cdf19be4834a
Wales,W10000007,W06000015,Cardiff,CARDI_5f1de23033bb,6d321baadf76
Wales,W10000007,W06000015,Cardiff,CARDI_8e56f9cd600b,a38406802164
Wales,W10000007,W06000015,Cardiff,CARDI_07e6afb235c4,878899d18e42
Wales,W10000007,W06000015,Cardiff,CARDI_2244a575a7ac,a96e4aa7c8d0
Wales,W10000007,W06000015,Cardiff,CARDI_aa02b98f436c,0d59a3cdb40c
Wales,W10000007,W06000015,Cardiff,CARDI_d8661c9b9f51,195c0e1ab5fd
Wales,W10000007,W06000015,Cardiff,CARDI_0cd652dad466,533e9dd99d09
Wales,W10000007,W06000015,Cardiff,CARDI_e5b553d1b1c5,8a2e9be71967
Wales,W10000007,W06000015,Cardiff,CARDI_866355a0447c,2cdd407f58a4
Wales,W10000007,W06000015,Cardiff,CARDI_f573faa8ae89,6f928149c497
Wales,W10000007,W06000015,Cardiff,CARDI_3ab5fac34881,76a8afe30f0d
Wales,W10000007,W06000015,Cardiff,CARDI_5b1b98877d76,e3c00f855866
Wales,W10000007,W06000015,Cardiff,CARDI_f6977faec638,e3b28c72aabb
Wales,W10000007,W06000015,Cardiff,CARDI_535acefc4d7c,03f5526b54d0
Wales,W10000007,W06000015,Cardiff,CARDI_93141ef2c649,6931932f29ad
Wales,W10000007,W06000015,Cardiff,CARDI_7791c6a12b2a,ad072008c95e
Wales,W10000007,W06000015,Cardiff,CARDI_96a6c4618469,ed9011780959
Wales,W10000007,W06000015,Cardiff,CARDI_1262c6f69b95,2f6906bf9972
Wales,W10000007,W06000015,Cardiff,CARDI_86e888dc5aa0,f63287fb186d
Wales,W10000007,W06000015,Cardiff,CARDI_f07f9776b8d6,8cd12a709f3b
Wales,W10000007,W06000015,Cardiff,CARDI_e10a07e6e306,e83147976cfa
Wales,W10000007,W06000015,Cardiff,CARDI_e5f6cc038960,ce5621e641a1
Wales,W10000007,W06000015,Cardiff,CARDI_42c4893f48c7,fbe528e93410
Wales,W10000007,W06000015,Cardiff,CARDI_c061e3ac5354,1e8c82afcb36
Wales,W10000007,W06000015,Cardiff,CARDI_2f4c1797ba5a,2a9f7607fbfb
Wales,W10000007,W06000015,Cardiff,CARDI_04137365d78c,8edaf095e871
Wales,W10000007,W06000015,Cardiff,CARDI_4fa71302bcc2,cb1ae8d3c028
Wales,W10000007,W06000015,Cardiff,CARDI_4c186a73669c,03021071675a
Wales,W10000007,W06000015,Cardiff,CARDI_845bca5f55f7,04c095ca66c2
Wales,W10000007,W06000015,Cardiff,CARDI_e5248490a5ca,cc314cd44229
Wales,W10000007,W06000015,Cardiff,CARDI_96bee4b95be5,b627b047441c
Wales,W10000007,W06000015,Cardiff,CARDI_e86d2373330b,b9bae75a316d
Wales,W10000007,W06000015,Cardiff,CARDI_b6dab9435092,5c034ec9159e
Wales,W10000007,W06000015,Cardiff,CARDI_cf0ca82a2318,42f0e7e6be40
Wales,W10000007,W06000015,Cardiff,CARDI_7b49032e9daf,4417f7d8fb13
Wales,W10000007,W06000015,Cardiff,CARDI_152f21cccddc,e4398bb59bfa
Wales,W10000007,W06000015,Cardiff,CARDI_f692ba00adaa,8284a610b236
Wales,W10000007,W06000015,Cardiff,CARDI_89edc4b69704,bf6b43eee5c8
Wales,W10000007,W06000015,Cardiff,CARDI_dfe807c88bfa,ca4ac565f125
Wales,W10000007,W06000015,Cardiff,CARDI_e43d2fe2e60b,e5a4fb984af3
Wales,W10000007,W06000015,Cardiff,CARDI_aa1b23b87e26,46c8846702f3
Wales,W10000007,W06000015,Cardiff,CARDI_d22056d11d01,d8c45b3139c8
Wales,W10000007,W06000015,Cardiff,CARDI_45b518ce1e03,4510392830cd
Wales,W10000007,W06000015,Cardiff,CARDI_6406fd62c884,7172dab7d123
Wales,W10000007,W06000015,Cardiff,CARDI_412bc1c77f3b,8884f0c35cc3
Wales,W10000007,W06000015,Cardiff,CARDI_fc01e9fc6f24,b7b76d55ba4a
Wales,W10000007,W06000015,Cardiff,CARDI_28f5b655c331,c9e0dfc41384
Wales,W10000007,W06000015,Cardiff,CARDI_f270e08f6aa4,7c0501a9137a
Wales,W10000007,W06000015,Cardiff,CARDI_6304817c2617,6595ecc5fe37
Wales,W10000007,W06000015,Cardiff,CARDI_84706b96fbd1,55553b4bc57d
Wales,W10000007,W06000015,Cardiff,CARDI_e756c4beeeb5,e8bd648c3547
Wales,W10000007,W06000015,Cardiff,CARDI_18fe08a82dd5,0c2613eb8b7a
Wales,W10000007,W06000015,Cardiff,CARDI_038c769f59d7,212e5e253616
Wales,W10000007,W06000015,Cardiff,CARDI_fb880f63978d,3475e09d40d1
Wales,W10000007,W06000015,Cardiff,CARDI_67576062791d,7e3aeb1342f7
Wales,W10000007,W06000015,Cardiff,CARDI_4fd65f17673c,7dd48af56331
Wales,W10000007,W06000015,Cardiff,CARDI_a17d32991239,2a136ed6486c
Wales,W10000007,W06000015,Cardiff,CARDI_45a76aa184a8,554f11f3120f
Wales,W10000007,W06000015,Cardiff,CARDI_007bf03db254,ff68fca52bc1
Wales,W10000007,W06000015,Cardiff,CARDI_545a96a87ed7,88530235320b
Wales,W10000007,W06000015,Cardiff,CARDI_6c948cdeab14,44e7a1544206
Wales,W10000007,W06000015,Cardiff,CARDI_bc4966523363,4c231476119b
Wales,W10000007,W06000015,Cardiff,CARDI_92df0c23f250,73f164c20073
Wales,W10000007,W06000015,Cardiff,CARDI_9101031b0dc6,1f302a499063
Wales,W10000007,W06000015,Cardiff,CARDI_bc83aa716e50,c3d428f824f5
Wales,W10000007,W06000015,Cardiff,CARDI_7cafa1093788,974cabffa86a
Wales,W10000007,W06000015,Cardiff,CARDI_e69ef0319749,d9e25af10c6f
Wales,W10000007,W06000015,Cardiff,CARDI_ff5255e3b650,f9acc64ce8a7
Wales,W10000007,W06000015,Cardiff,CARDI_dd72b79b01b0,18680f30172a
Wales,W10000007,W06000015,Cardiff,CARDI_cb83370ba070,13af46df9695
Wales,W10000007,W06000015,Cardiff,CARDI_4c67ad3aff4a,f2513128ca59
Wales,W10000007,W06000015,Cardiff,CARDI_2aa77a5d9aac,e16e8c73956c
Wales,W10000007,W06000015,Cardiff,CARDI_77ba4f252584,d55294f9fd31
Wales,W10000007,W06000015,Cardiff,CARDI_7dbf8c48f814,1eee2f5b571f
Wales,W10000007,W06000015,Cardiff,CARDI_57f8a4bacbb7,80958f9a516a
Wales,W10000007,W06000015,Cardiff,CARDI_2239ffc6d896,855e718b2e6b
Wales,W10000007,W06000015,Cardiff,CARDI_b6ab534fadaf,f0abe349ff46
Wales,W10000007,W06000015,Cardiff,CARDI_791d7400945b,2c91f9b1a051
Wales,W10000007,W06000015,Cardiff,CARDI_b6ab22d10999,dccab0a9804c
Wales,W10000007,W06000015,Cardiff,CARDI_5cac315d8aa0,514f2dd85095
Wales,W10000007,W06000015,Cardiff,CARDI_0e2249b7786e,dde02a35fcf6
Wales,W10000007,W06000015,Cardiff,CARDI_388fe0db87b1,9911d2986631
Wales,W10000007,W06000015,Cardiff,CARDI_afd8a75b4828,d0fdf1a23146
Wales,W10000007,W06000015,Cardiff,CARDI_9b334c97937a,c2b833e3765c
Wales,W10000007,W06000015,Cardiff,CARDI_1a586a84f86c,1d53f6aac3ab
Wales,W10000007,W06000015,Cardiff,CARDI_b86eb1c1ab99,d710d6225e1b
Wales,W10000007,W06000015,Cardiff,CARDI_efefc5ff205b,c871d0f74156
Wales,W10000007,W06000015,Cardiff,CARDI_3d8499f494a0,68fcc6b72ad3
Wales,W10000007,W06000015,Cardiff,CARDI_c89c3276342b,85f11ea7fc05
Wales,W10000007,W06000015,Cardiff,CARDI_a45815b82ac4,143de7446e78
Wales,W10000007,W06000015,Cardiff,CARDI_63556c41bc18,1f21d6fe6f32
Wales,W10000007,W06000015,Cardiff,CARDI_0013738bce92,a86da935d141
Wales,W10000007,W06000015,Cardiff,CARDI_8c0e8efa478b,7e1b8ba17af6
Wales,W10000007,W06000015,Cardiff,CARDI_1e82f3e1bc69,1f2bf298e53b
Wales,W10000007,W06000015,Cardiff,CARDI_0539e114d261,500b7ca10fc5
Wales,W10000007,W06000015,Cardiff,CARDI_06858a703adf,9accdb5e1f88
Wales,W10000007,W06000015,Cardiff,CARDI_668bfdbd5195,22e7e21a3235
Wales,W10000007,W06000015,Cardiff,CARDI_36c98ab7a7f4,8e13235e7529
Wales,W10000007,W06000015,Cardiff,CARDI_2b80230098c8,8aa6dd03627a
Wales,W10000007,W06000015,Cardiff,CARDI_e7a22ff83ed9,cafe0d6be387
Wales,W10000007,W06000015,Cardiff,CARDI_b655813b4cc2,1e2b6c0b6c29
Wales,W10000007,W06000015,Cardiff,CARDI_33ce8e64bf6a,bd18488bb40e
Wales,W10000007,W06000015,Cardiff,CARDI_e2de4375cf59,d5c202c3380b
Wales,W10000007,W06000015,Cardiff,CARDI_bbd795e273ed,dc455e27893c
Wales,W10000007,W06000015,Cardiff,CARDI_e4131358ee8e,ff4c5ee2983c
Wales,W10000007,W06000015,Cardiff,CARDI_7093279d8c1e,f2a6d05ed109
Wales,W10000007,W06000015,Cardiff,CARDI_cf55fa877aff,025e3d107bd0
Wales,W10000007,W06000015,Cardiff,CARDI_f11e7b9e5911,bb62b294d1c9
Wales,W10000007,W06000015,Cardiff,CARDI_cf4aa5786145,a9f830dc5a3c
Wales,W10000007,W06000015,Cardiff,CARDI_4958caaa80a6,8ae67016a099
Wales,W10000007,W06000015,Cardiff,CARDI_0dc35bf9acdd,a399e20f7a95
Wales,W10000007,W06000015,Cardiff,CARDI_11489a46205e,6aa4ecb2a3fb
Wales,W10000007,W06000015,Cardiff,CARDI_37d8c9e03c09,b8f16cf2b1df
Wales,W10000007,W06000015,Cardiff,CARDI_27a5cc452600,5ad42735e944
Wales,W10000007,W06000015,Cardiff,CARDI_61f54e73afd2,9bb066e985bf
Wales,W10000007,W06000015,Cardiff,CARDI_85792d042756,764bc104da15
Wales,W10000007,W06000015,Cardiff,CARDI_ed217c5b6da7,10207cc14eb4
Wales,W10000007,W06000015,Cardiff,CARDI_752418b06e04,d2e4c23b12f0
Wales,W10000007,W06000015,Cardiff,CARDI_64894a5ce7da,8d0aa13f0188
Wales,W10000007,W06000015,Cardiff,CARDI_e72f5bc8b0f6,97f259ee06ba
Wales,W10000007,W06000015,Cardiff,CARDI_4bb3af2e794c,d91b6d550f3e
Wales,W10000007,W06000015,Cardiff,CARDI_484fa3d8a068,c6b6175b0cdd
Wales,W10000007,W06000015,Cardiff,CARDI_addf08207109,a1583f0f712d
Wales,W10000007,W06000015,Cardiff,CARDI_9cc59a3fe077,5e2a1ee16300
Wales,W10000007,W06000015,Cardiff,CARDI_02491969ca42,fe36de0dc89d
Wales,W10000007,W06000015,Cardiff,CARDI_f9f578f2aa59,b4a16a284f10
Wales,W10000007,W06000015,Cardiff,CARDI_e24e6c21bd0a,153d3c6743a4
Wales,W10000007,W06000015,Cardiff,CARDI_f640446aecfe,e1f3ab3102d8
Wales,W10000007,W06000015,Cardiff,CARDI_8fa07d180528,9a7401761e50
Wales,W10000007,W06000015,Cardiff,CARDI_ac48074ca0b4,9d314020f41b
Wales,W10000007,W06000015,Cardiff,CARDI_62b0084fabe6,41dc08db4a0e
Wales,W10000007,W06000015,Cardiff,CARDI_d75c75d10f31,906fe408ef3e
Wales,W10000007,W06000015,Cardiff,CARDI_d500027a81b9,2ee26e25f3cd
Wales,W10000007,W06000015,Cardiff,CARDI_7b6beee81f5e,d552737d6391
Wales,W10000007,W06000015,Cardiff,CARDI_743efb65ecea,d0e8e92e52b7
Wales,W10000007,W06000015,Cardiff,CARDI_3242987c278b,891a0b644a72
Wales,W10000007,W06000015,Cardiff,CARDI_58c6a2f08284,ee9131488d27
Wales,W10000007,W06000015,Cardiff,CARDI_ed94eebd7e30,3161fba92fe3
Wales,W10000007,W06000015,Cardiff,CARDI_7864520b51d5,64a1e74413ef
Wales,W10000007,W06000015,Cardiff,CARDI_85d34ecc9e86,a436b7f5dde5
Wales,W10000007,W06000015,Cardiff,CARDI_0a3886590bb6,8528ab9bf848
Wales,W10000007,W06000015,Cardiff,CARDI_0b3ddd4e9981,ef21d8887ca8
Wales,W10000007,W06000015,Cardiff,CARDI_3dd2e6bca3be,4b466fd31121
Wales,W10000007,W06000015,Cardiff,CARDI_ba2ecb7f15a6,3a61176b96a4
Wales,W10000007,W06000015,Cardiff,CARDI_544ee683b9e9,55339dea8be6
Wales,W10000007,W06000015,Cardiff,CARDI_a43874e53d27,af937a32a0ed
Wales,W10000007,W06000015,Cardiff,CARDI_f635df715e5a,916c79da6956
Wales,W10000007,W06000015,Cardiff,CARDI_b9da3ce1b9c5,4668b8daf862
Wales,W10000007,W06000015,Cardiff,CARDI_70fe3186a87c,63b3e1d278b4
Wales,W10000007,W06000015,Cardiff,CARDI_57064963a912,5fcf5decfdc4
Wales,W10000007,W06000015,Cardiff,CARDI_eb95ceeeb1f1,f10cb5086454
Wales,W10000007,W06000015,Cardiff,CARDI_d89efb455641,d45205545e08
Wales,W10000007,W06000015,Cardiff,CARDI_d620f987c3b8,580f857d3c5c
Wales,W10000007,W06000015,Cardiff,CARDI_3e1c832bfb9a,6946b5931d82
Wales,W10000007,W06000015,Cardiff,CARDI_c39ab0ed5e1c,3d951fd862bb
Wales,W10000007,W06000015,Cardiff,CARDI_e32be3e0717e,e3951a83a07e
Wales,W10000007,W06000015,Cardiff,CARDI_d339d9c83447,5f8ae968bc57
Wales,W10000007,W06000015,Cardiff,CARDI_38c4134c6b42,0f7e47d49b99
Wales,W10000007,W06000015,Cardiff,CARDI_b4dfccdc51d5,87977a7758da
Wales,W10000007,W06000015,Cardiff,CARDI_fe977f776014,eb9c71c90566
Wales,W10000007,W06000015,Cardiff,CARDI_a8b3bec2ed07,a0eefb97d351
Wales,W10000007,W06000015,Cardiff,CARDI_a97f47a3e97e,fe0dd8373b26
Wales,W10000007,W06000015,Cardiff,CARDI_ff5a3071f417,7445563aeb10
Wales,W10000007,W06000015,Cardiff,CARDI_669444fc6b69,3f2d19a7d8b6
Wales,W10000007,W06000015,Cardiff,CARDI_90e68fa2b936,c7c93b9b8465
Wales,W10000007,W06000015,Cardiff,CARDI_8a1e67a339a9,f5a723214e92
Wales,W10000007,W06000015,Cardiff,CARDI_323db133f289,96126e94bc85
Wales,W10000007,W06000015,Cardiff,CARDI_b403d4f13c70,f3ee3bcf2bb8
Wales,W10000007,W06000015,Cardiff,CARDI_eeedb62183ce,137d8e63e92b
Wales,W10000007,W06000015,Cardiff,CARDI_5958a457888e,b1e17c2c8f8e
Wales,W10000007,W06000015,Cardiff,CARDI_d78b9a44bf66,b018b40f9cd2
Wales,W10000007,W06000015,Cardiff,CARDI_73aa2d738288,a72054e3543e
Wales,W10000007,W06000015,Cardiff,CARDI_6f9863b84422,c9425aaae8df
Wales,W10000007,W06000015,Cardiff,CARDI_c74ce9bc645d,ae2dfc534267
Wales,W10000007,W06000015,Cardiff,CARDI_bdd5466fbd81,4550ea7b900b
Wales,W10000007,W06000015,Cardiff,CARDI_8b559cdb9733,4d009fe5aad5
Wales,W10000007,W06000015,Cardiff,CARDI_93549e15da2f,5f409662db0e
Wales,W10000007,W06000015,Cardiff,CARDI_1675a9d83dcd,bbffb52cc060
Wales,W10000007,W06000015,Cardiff,CARDI_e564379dfefc,b23f6419e9e8
Wales,W10000007,W06000015,Cardiff,CARDI_c861a641ced1,8b777030a587
Wales,W10000007,W06000015,Cardiff,CARDI_3880e797558b,0ca0558b37b5
Wales,W10000007,W06000015,Cardiff,CARDI_1304825d8e94,b5d7333f20d2
Wales,W10000007,W06000015,Cardiff,CARDI_b7366072b10c,0c808615723e
Wales,W10000007,W06000015,Cardiff,CARDI_cd927eaa6dd8,3dae0b6b6dad
Wales,W10000007,W06000015,Cardiff,CARDI_4fdca4f08136,4c77549cea77
Wales,W10000007,W06000015,Cardiff,CARDI_f2388972967d,b6c364aa03da
Wales,W10000007,W06000015,Cardiff,CARDI_a7143e6cd73e,be80e52a6e5d
Wales,W10000007,W06000015,Cardiff,CARDI_f29b037951d8,05cc079fffa0
Wales,W10000007,W06000015,Cardiff,CARDI_5a8bea77d901,4cc3926f6397
Wales,W10000007,W06000015,Cardiff,CARDI_781cf1daacd6,8be09afdf2f4
Wales,W10000007,W06000015,Cardiff,CARDI_ca7a2e12791b,36b6a72c77c1
Wales,W10000007,W06000015,Cardiff,CARDI_2377d2e8e94c,39f52770b7f9
Wales,W10000007,W06000015,Cardiff,CARDI_44dcb7653c85,71ec264e80a2
Wales,W10000007,W06000015,Cardiff,CARDI_a5344e37d119,fa28f8857cee
Wales,W10000007,W06000015,Cardiff,CARDI_e448326b7c17,09c3f9211c9c
Wales,W10000007,W06000015,Cardiff,CARDI_b6309a198976,dbc6a480bb01
Wales,W10000007,W06000015,Cardiff,CARDI_47423b058607,b0383774b5de
Wales,W10000007,W06000015,Cardiff,CARDI_46a0be847367,16e28d831efe
Wales,W10000007,W06000015,Cardiff,CARDI_8cc2b4a1b13f,936ae54c800d
Wales,W10000007,W06000015,Cardiff,CARDI_42055562a80b,fe9d791f605f
Wales,W10000007,W06000015,Cardiff,CARDI_44316f306f45,96bbb5a7df8e
Wales,W10000007,W06000015,Cardiff,CARDI_34bf5e254d6c,d1e551710291
Wales,W10000007,W06000015,Cardiff,CARDI_87a8bd73d81a,916e66da311f
Wales,W10000007,W06000015,Cardiff,CARDI_ae81fa8c624b,85c77d53e6e8
Wales,W10000007,W06000015,Cardiff,CARDI_3e8651796191,5b8cff1f633a
Wales,W10000007,W06000015,Cardiff,CARDI_69550f181f72,851737aa9537
Wales,W10000007,W06000015,Cardiff,CARDI_9758f1d80cb2,be08fc33cb9c
Wales,W10000007,W06000015,Cardiff,CARDI_86cfab248cd7,0db41918c203
Wales,W10000007,W06000015,Cardiff,CARDI_1a480c034270,826e11d79861
Wales,W10000007,W06000015,Cardiff,CARDI_f7ab117b3b65,00ab06f1a18b
Wales,W10000007,W06000015,Cardiff,CARDI_16b686af44fb,35d85225313b
Wales,W10000007,W06000015,Cardiff,CARDI_015fcdf07e70,d084376e85f9
Wales,W10000007,W06000015,Cardiff,CARDI_b40c2003bbc6,0c5c0e98b714
Wales,W10000007,W06000015,Cardiff,CARDI_8f48488a4232,5af9d0ecc0c0
Wales,W10000007,W06000015,Cardiff,CARDI_85b27dd212a1,ee1fdbdefe89
Wales,W10000007,W06000015,Cardiff,CARDI_33f7865bf172,70247f8fb577
Wales,W10000007,W06000015,Cardiff,CARDI_614004aae325,32d1e80677d2
Wales,W10000007,W06000015,Cardiff,CARDI_83419cfb1ca3,34dc852a5246
Wales,W10000007,W06000015,Cardiff,CARDI_4990c6471ea5,8fd5baca6782
Wales,W10000007,W06000015,Cardiff,CARDI_35fa74dbc626,898842ce2a69
Wales,W10000007,W06000015,Cardiff,CARDI_5d8090c59299,d08d0e907fbe
Wales,W10000007,W06000015,Cardiff,CARDI_d5ad8e1d90a9,9ce71dbacb3b
Wales,W10000007,W06000015,Cardiff,CARDI_217338f53ae2,5a19555259a0
Wales,W10000007,W06000015,Cardiff,CARDI_0c986be8211a,d409f598c49d
Wales,W10000007,W06000015,Cardiff,CARDI_9f5dacf0569a,000124422594
Wales,W10000007,W06000015,Cardiff,CARDI_7150b6f265b0,dfd7e8097de8
Wales,W10000007,W06000015,Cardiff,CARDI_749c04bbad46,bd71fec64dd2
Wales,W10000007,W06000015,Cardiff,CARDI_ab436d47ee68,45eccef89a20
Wales,W10000007,W06000015,Cardiff,CARDI_ffcd4d7393d9,2a768a2cb915
Wales,W10000007,W06000015,Cardiff,CARDI_f5e56524b3d0,7fac5041ddd6
Wales,W10000007,W06000015,Cardiff,CARDI_34ff955d925a,c8812eb2b65c
Wales,W10000007,W06000015,Cardiff,CARDI_7d1648574fdb,055303ee9299
Wales,W10000007,W06000015,Cardiff,CARDI_04e907abfc89,b6409e364f1e
Wales,W10000007,W06000015,Cardiff,CARDI_3a7ff764cd0a,13582614f3df
Wales,W10000007,W06000015,Cardiff,CARDI_425e3b0fa8dd,55303300696b
Wales,W10000007,W06000015,Cardiff,CARDI_7c7bcc71e2d3,a379fbb455a8
Wales,W10000007,W06000015,Cardiff,CARDI_6c4eff761a2a,0cfa7944f801
Wales,W10000007,W06000015,Cardiff,CARDI_053a6a743130,c1c67c663e9f
Wales,W10000007,W06000015,Cardiff,CARDI_355f2df4ccf7,d0a538a7b38f
Wales,W10000007,W06000015,Cardiff,CARDI_2ad7fd295d25,e4277105c235
Wales,W10000007,W06000015,Cardiff,CARDI_465e6feacd44,de027b32ee62
Wales,W10000007,W06000015,Cardiff,CARDI_f1e28ca321b6,5521ede84a9c
Wales,W10000007,W06000015,Cardiff,CARDI_65d45d3e729f,4ccbcdd8a507
Wales,W10000007,W06000015,Cardiff,CARDI_62ff73f58172,13fd3ad56590
Wales,W10000007,W06000015,Cardiff,CARDI_2c31850c8538,3eaa31566ff1
Wales,W10000007,W06000015,Cardiff,CARDI_eb2793ff9967,9506319577c9
Wales,W10000007,W06000015,Cardiff,CARDI_b5f30e439f58,d4eaf5bc295f
Wales,W10000007,W06000015,Cardiff,CARDI_a82058a3a7eb,1fd2d7034182
Wales,W10000007,W06000015,Cardiff,CARDI_630dd10267ac,2b2c0614cbf5
Wales,W10000007,W06000015,Cardiff,CARDI_39d3f7cdefdb,ee1bb78f7f4b
Wales,W10000007,W06000015,Cardiff,CARDI_f380f4ff9cfd,4de425c146c1
Wales,W10000007,W06000015,Cardiff,CARDI_665df277fbce,71faa5539247
Wales,W10000007,W06000015,Cardiff,CARDI_c6475f6ed787,aba9ef386e06
Wales,W10000007,W06000015,Cardiff,CARDI_50dfc25cda9e,e5abd31c39c0
Wales,W10000007,W06000015,Cardiff,CARDI_5f6fb2666e68,4289b73c6533
Wales,W10000007,W06000015,Cardiff,CARDI_78787f802faa,438af914733e
Wales,W10000007,W06000015,Cardiff,CARDI_6208b12b945c,d19cc4a713af
Wales,W10000007,W06000015,Cardiff,CARDI_02f814feb01c,a7b2bd0792ac
Wales,W10000007,W06000015,Cardiff,CARDI_98f50187d360,93633ed75a1a
Wales,W10000007,W06000015,Cardiff,CARDI_3ecbd9613f42,2e6c8b02c206
Wales,W10000007,W06000015,Cardiff,CARDI_1a7629256894,60c1cac2094f
Wales,W10000007,W06000015,Cardiff,CARDI_2f953d0a69b1,23a1c10bf689
Wales,W10000007,W06000015,Cardiff,CARDI_4b4ddaf3ebf9,b6dcbd758abe
Wales,W10000007,W06000015,Cardiff,CARDI_5d2b0aa778e1,daebbd6ec629
Wales,W10000007,W06000015,Cardiff,CARDI_b3468406722f,5d04d236fbef
Wales,W10000007,W06000015,Cardiff,CARDI_6146c4e96eb0,fb9e70ffb2ce
Wales,W10000007,W06000015,Cardiff,CARDI_0accd8cfb772,64af9620a422
Wales,W10000007,W06000015,Cardiff,CARDI_bf7dad64a468,7dfb97e1c943
Wales,W10000007,W06000015,Cardiff,CARDI_7ce312f56e23,c5c029905618
Wales,W10000007,W06000015,Cardiff,CARDI_98e47a329bac,97f3882acc5f
Wales,W10000007,W06000015,Cardiff,CARDI_f2b53d681a47,abcba65fcff7
Wales,W10000007,W06000015,Cardiff,CARDI_72636bc5c189,eb0332c260af
Wales,W10000007,W06000015,Cardiff,CARDI_84b9a6a27f26,594ca2b421df
Wales,W10000007,W06000015,Cardiff,CARDI_f7690dfc3eff,1d8d34fa7bd8
Wales,W10000007,W06000015,Cardiff,CARDI_39c7b1789997,e27f7fe71c0a
Wales,W10000007,W06000015,Cardiff,CARDI_9be9d746492a,72f16a2c797c
Wales,W10000007,W06000015,Cardiff,CARDI_ccac69c337b8,97ac1cbe1eee
Wales,W10000007,W06000015,Cardiff,CARDI_cb61d0ad4dfa,69b176a9482a
Wales,W10000007,W06000015,Cardiff,CARDI_bc3814463267,f3aad5301284
Wales,W10000007,W06000015,Cardiff,CARDI_df9eac7ff481,d1bf3f7b615a
Wales,W10000007,W06000015,Cardiff,CARDI_b3e145691c33,20e2d4e15385
Wales,W10000007,W06000015,Cardiff,CARDI_a60409a20be1,e26074fabc81
Wales,W10000007,W06000015,Cardiff,CARDI_e8d1c48c360c,40eea33f8deb
Wales,W10000007,W06000015,Cardiff,CARDI_7ab9d2e053f3,9a278bdf9cf6
Wales,W10000007,W06000015,Cardiff,CARDI_3dde55c8a887,8117e72a3ff8
Wales,W10000007,W06000015,Cardiff,CARDI_b9036d284ac4,cb9dcfd1c3ab
Wales,W10000007,W06000015,Cardiff,CARDI_4a025f532dff,587478eacba3
Wales,W10000007,W06000015,Cardiff,CARDI_7b516830446b,17c1abddd24d
Wales,W10000007,W06000015,Cardiff,CARDI_9b1ef862571e,696a0540bd47
Wales,W10000007,W06000015,Cardiff,CARDI_8321862c2a06,b95afd23b92f
Wales,W10000007,W06000015,Cardiff,CARDI_5eaf221c5baa,c40e7bf63f15
Wales,W10000007,W06000015,Cardiff,CARDI_adef8cae1fde,2f162e4dfa14
Wales,W10000007,W06000015,Cardiff,CARDI_c6bea896edff,abffda1f59c4
Wales,W10000007,W06000015,Cardiff,CARDI_381e125f223e,d701fd165da4
Wales,W10000007,W06000015,Cardiff,CARDI_037141b6bdc9,0f6d260a87ef
Wales,W10000007,W06000015,Cardiff,CARDI_e71e9a25abd0,58e476887023
Wales,W10000007,W06000015,Cardiff,CARDI_f5bc94edac8f,59c837787fac
Wales,W10000007,W06000015,Cardiff,CARDI_b41e939dfb2e,2009597ffd12
Wales,W10000007,W06000015,Cardiff,CARDI_f17b77ebb296,0696c22afb67
Wales,W10000007,W06000015,Cardiff,CARDI_b5a1c9025c8a,e80b7c2dc6bf
Wales,W10000007,W06000015,Cardiff,CARDI_91a8c6a19a06,97948fbae46b
Wales,W10000007,W06000015,Cardiff,CARDI_66a462447ec8,687f449e7ec7
Wales,W10000007,W06000015,Cardiff,CARDI_4f6147624e3a,695f955a47e8
Wales,W10000007,W06000015,Cardiff,CARDI_e5fbcdcab292,25cebf868baa
Wales,W10000007,W06000015,Cardiff,CARDI_14cb3c075f28,a0063f2f4ee3
Wales,W10000007,W06000015,Cardiff,CARDI_3bf07e3b9e67,49891a319b79
Wales,W10000007,W06000015,Cardiff,CARDI_c94dbee490ad,40efc41e03e1
Wales,W10000007,W06000015,Cardiff,CARDI_f6009da4c7e7,b08eb9fba04a
Wales,W10000007,W06000015,Cardiff,CARDI_59bd7e147a73,819a594c3b7a
Wales,W10000007,W06000015,Cardiff,CARDI_06b565b04167,776917849f92
Wales,W10000007,W06000015,Cardiff,CARDI_bd6133289358,95d1aed17a36
Wales,W10000007,W06000015,Cardiff,CARDI_cfab01afb8be,ec16ea739230
Wales,W10000007,W06000015,Cardiff,CARDI_190a8e7fd1ab,b24a6a2a9a2b
Wales,W10000007,W06000015,Cardiff,CARDI_87547d248b38,ffaeeb0bb4c4
Wales,W10000007,W06000015,Cardiff,CARDI_c54c1c833fdf,2cc99cb59b17
Wales,W10000007,W06000015,Cardiff,CARDI_3cf53a154587,ff135fb04495
Wales,W10000007,W06000015,Cardiff,CARDI_2414d897cbfb,c718448e6eb8
Wales,W10000007,W06000015,Cardiff,CARDI_be66894eed39,fa8fae543644
Wales,W10000007,W06000015,Cardiff,CARDI_3bfa38c4aa95,1e08c5e26ba2
Wales,W10000007,W06000015,Cardiff,CARDI_78f1bb94c7b3,348fc3e474db
Wales,W10000007,W06000015,Cardiff,CARDI_3e80631e489b,d33d8b909c40
Wales,W10000007,W06000015,Cardiff,CARDI_eaf318be8b82,4120f95aa5fa
Wales,W10000007,W06000015,Cardiff,CARDI_34baaf284f3b,d12699796ec2
Wales,W10000007,W06000015,Cardiff,CARDI_883b8f2c29c9,92c9d6b3951a
Wales,W10000007,W06000015,Cardiff,CARDI_3c71dfe49c2e,59ff18cb34c9
Wales,W10000007,W06000015,Cardiff,CARDI_be3595fbb457,90b644aab951
Wales,W10000007,W06000015,Cardiff,CARDI_3b06d13c0d65,a447507907dc
Wales,W10000007,W06000015,Cardiff,CARDI_d563cbcb03db,1ff9c64ab9aa
Wales,W10000007,W06000015,Cardiff,CARDI_748b85cc194d,6706863fe166
Wales,W10000007,W06000015,Cardiff,CARDI_d9016c457abe,823dad6168ea
Wales,W10000007,W06000015,Cardiff,CARDI_e1daf5b28585,ab1cd9184e66
Wales,W10000007,W06000015,Cardiff,CARDI_a02327d655c4,b0a5d29f1c56
Wales,W10000007,W06000015,Cardiff,CARDI_3b0ec9c78498,c7e5da163ecf
Wales,W10000007,W06000015,Cardiff,CARDI_e1227097f842,f2e084007ec4
Wales,W10000007,W06000015,Cardiff,CARDI_44fefb88d854,0dd659c224cf
Wales,W10000007,W06000015,Cardiff,CARDI_36b2bec8ebd3,e6e299706664
Wales,W10000007,W06000015,Cardiff,CARDI_995c2c59dff8,23edf661a95d
Wales,W10000007,W06000015,Cardiff,CARDI_db7bac9aea1e,db2d6fdbe758
Wales,W10000007,W06000015,Cardiff,CARDI_24bafaede204,c96b5fea941a
Wales,W10000007,W06000015,Cardiff,CARDI_913754069834,f3230b404f3b
Wales,W10000007,W06000015,Cardiff,CARDI_d8c34df40fb9,8c6346371e85
Wales,W10000007,W06000015,Cardiff,CARDI_f6f3028efcc3,ef93b9f0b327
Wales,W10000007,W06000015,Cardiff,CARDI_539295c789a6,3621c97a6849
Wales,W10000007,W06000015,Cardiff,CARDI_35846c3b63dd,ef13ed278157
Wales,W10000007,W06000015,Cardiff,CARDI_3c2bf86e518b,c9c835662483
Wales,W10000007,W06000015,Cardiff,CARDI_29967a40f1c1,55b5c5712780
Wales,W10000007,W06000015,Cardiff,CARDI_5b04fe1e6ead,ae1d1d91c5cd
Wales,W10000007,W06000015,Cardiff,CARDI_801add7c0f2a,b1bad634ffdb
Wales,W10000007,W06000015,Cardiff,CARDI_7575f4f4dec6,0f7361793669
Wales,W10000007,W06000015,Cardiff,CARDI_82f1345f14da,b0e7a3102ac2
Wales,W10000007,W06000015,Cardiff,CARDI_8d0973c3a65d,f81e4d8c73f9
Wales,W10000007,W06000015,Cardiff,CARDI_ce8365774376,4c66c90b9296
Wales,W10000007,W06000015,Cardiff,CARDI_3d0d01a4a881,9e17ebd2869f
Wales,W10000007,W06000015,Cardiff,CARDI_331c6e903ac7,80a33a42e973
Wales,W10000007,W06000015,Cardiff,CARDI_898d11101f6b,0f2ec8529a25
Wales,W10000007,W06000015,Cardiff,CARDI_15e9d8ee0149,53484679a96a
Wales,W10000007,W06000015,Cardiff,CARDI_8014a47ca691,0d9b2c7e8802
Wales,W10000007,W06000015,Cardiff,CARDI_ea84fa79f0b0,f9fa83272159
Wales,W10000007,W06000015,Cardiff,CARDI_b99f41c8080d,4f552d261956
Wales,W10000007,W06000015,Cardiff,CARDI_8dbe397e199e,6c560ed92df0
Wales,W10000007,W06000015,Cardiff,CARDI_93b232759ca8,74abdc05c34d
Wales,W10000007,W06000015,Cardiff,CARDI_0e976a777663,b2e9c7c6f812
Wales,W10000007,W06000015,Cardiff,CARDI_72fec4974623,c6f7b530ab8f
Wales,W10000007,W06000015,Cardiff,CARDI_e85fa41eb45b,52fca8f9db44
Wales,W10000007,W06000015,Cardiff,CARDI_01d86f3ebcec,8b2561c84610
Wales,W10000007,W06000015,Cardiff,CARDI_99ca24ca2029,cc9e26cf071b
Wales,W10000007,W06000015,Cardiff,CARDI_5a34884f6d19,2f0330b4f4fe
Wales,W10000007,W06000015,Cardiff,CARDI_2b05239022f1,61f9f3a827b5
Wales,W10000007,W06000015,Cardiff,CARDI_ca758b6e8c1f,367b9bbba2eb
Wales,W10000007,W06000015,Cardiff,CARDI_127f4190711a,afd9e8301916
Wales,W10000007,W06000015,Cardiff,CARDI_5523f1ec73c3,0d8f485d9989
Wales,W10000007,W06000015,Cardiff,CARDI_966c1981f54a,623b59b3b58f
Wales,W10000007,W06000015,Cardiff,CARDI_87884c82dc5d,e027cdb2142e
Wales,W10000007,W06000015,Cardiff,CARDI_60516a1623bd,7b089ea73f69
Wales,W10000007,W06000015,Cardiff,CARDI_41749bc9479a,11954ea1e1ba
Wales,W10000007,W06000015,Cardiff,CARDI_d7ad52bf7e82,86ce93ec001b
Wales,W10000007,W06000015,Cardiff,CARDI_161a2f46a90e,f5ba64b62416
Wales,W10000007,W06000015,Cardiff,CARDI_4c2dd7945254,0d09855c8302
Wales,W10000007,W06000015,Cardiff,CARDI_75a7e4ff5b07,0146f156cbc5
Wales,W10000007,W06000015,Cardiff,CARDI_3c3724d40413,89865d3affd5
Wales,W10000007,W06000015,Cardiff,CARDI_95cc1b3c8855,e97f4026fd7e
Wales,W10000007,W06000015,Cardiff,CARDI_b4e5bedb7d20,91d7317bbf18
Wales,W10000007,W06000015,Cardiff,CARDI_8ed2808dfeb3,cd7e73c4edc7
Wales,W10000007,W06000015,Cardiff,CARDI_78e27e08c9eb,9b2890ab1526
Wales,W10000007,W06000015,Cardiff,CARDI_7e2f020508bf,6ac8fefb9a2f
Wales,W10000007,W06000015,Cardiff,CARDI_8f798711b5e1,110a56396fa6
Wales,W10000007,W06000015,Cardiff,CARDI_fe7bb23e902d,3c6c815b9c60
Wales,W10000007,W06000015,Cardiff,CARDI_7957c49ef807,ba5baf57f7af
Wales,W10000007,W06000015,Cardiff,CARDI_cf57f4e9466a,c09a205d3e4d
Wales,W10000007,W06000015,Cardiff,CARDI_810f8f091ff2,e0e47b07a61d
Wales,W10000007,W06000015,Cardiff,CARDI_4b0c6ce48bca,7b9ce94cf39a
Wales,W10000007,W06000015,Cardiff,CARDI_e498d6113113,b67b8a4c18c7
Wales,W10000007,W06000015,Cardiff,CARDI_4ed62babc7c2,14536e8c77f7
Wales,W10000007,W06000015,Cardiff,CARDI_cc839e12ef7b,6ce5cd66b49a
Wales,W10000007,W06000015,Cardiff,CARDI_15c5c326feb6,624b3db05e8d
Wales,W10000007,W06000015,Cardiff,CARDI_8238772bbd20,fa11ed188af4
Wales,W10000007,W06000015,Cardiff,CARDI_9c62d258e622,28ecfcb25a5d
Wales,W10000007,W06000015,Cardiff,CARDI_0bc047e46c57,8a63315e3564
Wales,W10000007,W06000015,Cardiff,CARDI_3f6458631c6e,dd03444b2a64
Wales,W10000007,W06000015,Cardiff,CARDI_1668dcd9c03e,8cd1d88d0d5c
Wales,W10000007,W06000015,Cardiff,CARDI_7f6112b379b0,8e55da8d0bd3
Wales,W10000007,W06000015,Cardiff,CARDI_264b11f0884d,2bb0644d545f
Wales,W10000007,W06000015,Cardiff,CARDI_4b2e4ff6a027,b1277ac5266c
Wales,W10000007,W06000015,Cardiff,CARDI_49c060ceb0e1,f4afc405a47e
Wales,W10000007,W06000015,Cardiff,CARDI_8c2abb1f5e12,638e132dbf11
Wales,W10000007,W06000015,Cardiff,CARDI_2bbdb4171d00,04037810cf73
Wales,W10000007,W06000015,Cardiff,CARDI_10e7a4be1e13,149b1fb6d4aa
Wales,W10000007,W06000015,Cardiff,CARDI_1c91f2ba1084,a05093fca266
Wales,W10000007,W06000015,Cardiff,CARDI_8ad19cb82049,c035b9e4da3a
Wales,W10000007,W06000015,Cardiff,CARDI_a25078ca7519,a6bf238e9436
Wales,W10000007,W06000015,Cardiff,CARDI_74601c447689,3f5183d2d457
Wales,W10000007,W06000015,Cardiff,CARDI_3d70bd890971,6198ffbffd00
Wales,W10000007,W06000015,Cardiff,CARDI_41cdb95b4c27,8c05c72670d6
Wales,W10000007,W06000015,Cardiff,CARDI_50b7ba97f184,6af9940a10e3
Wales,W10000007,W06000015,Cardiff,CARDI_8fbe35d57f7f,dc2b139b019b
Wales,W10000007,W06000015,Cardiff,CARDI_0f67f1369b45,af9248249f71
Wales,W10000007,W06000015,Cardiff,CARDI_53d8f264d0cc,abd1a24c3303
Wales,W10000007,W06000015,Cardiff,CARDI_7c84387a4b5c,6289c47ea9da
Wales,W10000007,W06000015,Cardiff,CARDI_93c45e15c319,3386ebc64591
Wales,W10000007,W06000015,Cardiff,CARDI_b00eb0ac291c,d2b955d9b50e
Wales,W10000007,W06000015,Cardiff,CARDI_7b9526a635c5,03f430f357ec
Wales,W10000007,W06000015,Cardiff,CARDI_da13d6531e43,fc09e42678d2
Wales,W10000007,W06000015,Cardiff,CARDI_04a68eb19dc0,f35687f1e663
Wales,W10000007,W06000015,Cardiff,CARDI_cfcced13affd,47326d65efa5
Wales,W10000007,W06000015,Cardiff,CARDI_fa33e48f7a28,bc434333170f
Wales,W10000007,W06000015,Cardiff,CARDI_c4521c76fd58,7db5802edb66
Wales,W10000007,W06000015,Cardiff,CARDI_ccd78eeaf241,4192ee4faac5
Wales,W10000007,W06000015,Cardiff,CARDI_43ad9d6c804f,cd483f3d6ef1
Wales,W10000007,W06000015,Cardiff,CARDI_d57991622c90,7c2eb7bb7157
Wales,W10000007,W06000015,Cardiff,CARDI_1a1cfe5f7711,4f100d6f7a94
Wales,W10000007,W06000015,Cardiff,CARDI_a50f6b4a74ca,838eeba97b19
Wales,W10000007,W06000015,Cardiff,CARDI_8419569d8b7e,2d28fb140b1d
Wales,W10000007,W06000015,Cardiff,CARDI_6723750854ab,121ae804544d
Wales,W10000007,W06000015,Cardiff,CARDI_01c20f15e081,325fc8640586
Wales,W10000007,W06000015,Cardiff,CARDI_dab1ec88f148,ef109afb56ae
Wales,W10000007,W06000015,Cardiff,CARDI_4dcadf81d598,425059794554
Wales,W10000007,W06000015,Cardiff,CARDI_5e916f7b2692,42b335f46754
Wales,W10000007,W06000015,Cardiff,CARDI_0b325a6e1702,e15dc7bc3e2a
Wales,W10000007,W06000015,Cardiff,CARDI_eec7ef510749,0ce7ff8d3cc4
Wales,W10000007,W06000015,Cardiff,CARDI_8bc855e73d41,65b7f1dfd340
Wales,W10000007,W06000015,Cardiff,CARDI_b18a2f4ad4d6,07553bfc11aa
Wales,W10000007,W06000015,Cardiff,CARDI_eabc6a9fcee7,d67b1326b9b1
Wales,W10000007,W06000015,Cardiff,CARDI_7709a09ca2de,467e49b7dc0f
Wales,W10000007,W06000015,Cardiff,CARDI_10b28360a8cc,c0c638b5c535
Wales,W10000007,W06000015,Cardiff,CARDI_e124b6b02321,c540a4089f6e
Wales,W10000007,W06000015,Cardiff,CARDI_8cabbcbdc04d,df2bde58142a
Wales,W10000007,W06000015,Cardiff,CARDI_3b2055f6596f,b1945591de78
Wales,W10000007,W06000015,Cardiff,CARDI_9ecea8e6e202,a0dd57d96d81
Wales,W10000007,W06000015,Cardiff,CARDI_98e38d43bea8,ade36a4e9b0e
Wales,W10000007,W06000015,Cardiff,CARDI_e0572e36099b,eaca3a68b556
Wales,W10000007,W06000015,Cardiff,CARDI_2e7ef0b395ee,3af23e55f4c8
Wales,W10000007,W06000015,Cardiff,CARDI_da28f9e1ea2f,d18cc94fe08c
Wales,W10000007,W06000015,Cardiff,CARDI_9d00d899a764,680121bb885f
Wales,W10000007,W06000015,Cardiff,CARDI_1022df6f912a,6b970d99085d
Wales,W10000007,W06000015,Cardiff,CARDI_ff3da78aabcd,a429fc3457b4
Wales,W10000007,W06000015,Cardiff,CARDI_6ce6f087f65f,1ac33097df92
Wales,W10000007,W06000015,Cardiff,CARDI_8a55df8e87df,b8c521329818
Wales,W10000007,W06000015,Cardiff,CARDI_05ec5f83ac5f,30c59f4785f3
Wales,W10000007,W06000015,Cardiff,CARDI_9c00c5e16aad,6ad63c2097c3
Wales,W10000007,W06000015,Cardiff,CARDI_d7a00891df3e,0bc82f5eeb50
Wales,W10000007,W06000015,Cardiff,CARDI_8b1260a3eacf,c35ccf952b33
Wales,W10000007,W06000015,Cardiff,CARDI_ec229fd97624,12e12a234e98
Wales,W10000007,W06000015,Cardiff,CARDI_3cca75d80fb0,775188c22700
Wales,W10000007,W06000015,Cardiff,CARDI_dd413e0ce98d,9becb5b8e5bc
Wales,W10000007,W06000015,Cardiff,CARDI_22494ae1fb89,ac97e43b5d6c
Wales,W10000007,W06000015,Cardiff,CARDI_a8448633c181,d5596ba845df
Wales,W10000007,W06000015,Cardiff,CARDI_44406501fcde,0629e6619c21
Wales,W10000007,W06000015,Cardiff,CARDI_b6e3349f3e45,3566d476cc93
Wales,W10000007,W06000015,Cardiff,CARDI_ededc20a80e9,7e7c2c8b6c14
Wales,W10000007,W06000015,Cardiff,CARDI_0caa2a76ff2a,2b73261d610f
Wales,W10000007,W06000015,Cardiff,CARDI_71a768727fa5,db2da18c2bcf
Wales,W10000007,W06000015,Cardiff,CARDI_267e6c905afb,0983676c1181
Wales,W10000007,W06000015,Cardiff,CARDI_3eaa9a479803,529815af8c12
Wales,W10000007,W06000015,Cardiff,CARDI_f9322b13532f,fb7d3de9e4e7
Wales,W10000007,W06000015,Cardiff,CARDI_643af63d245b,f7500c73a680
Wales,W10000007,W06000015,Cardiff,CARDI_8e6adcc6b3f5,a16b4f820281
Wales,W10000007,W06000015,Cardiff,CARDI_f5602e2f6ada,74f5ff49bb0b
Wales,W10000007,W06000015,Cardiff,CARDI_8fe472f221d8,c17f2e913d52
Wales,W10000007,W06000015,Cardiff,CARDI_dc840981ea77,f19e79f72bc4
Wales,W10000007,W06000015,Cardiff,CARDI_de14014675c9,8d504a2e21ed
Wales,W10000007,W06000015,Cardiff,CARDI_f77aa80340e9,bb92d97acb04
Wales,W10000007,W06000015,Cardiff,CARDI_3bc50c03a507,473a87debf39
Wales,W10000007,W06000015,Cardiff,CARDI_76993e101b9e,7e5896e8d637
Wales,W10000007,W06000015,Cardiff,CARDI_0b4b05295060,91f363c0b5a2
Wales,W10000007,W06000015,Cardiff,CARDI_061b6afa2a9d,497a3bdc77d0
